name,key,pos,PREVIOUS,CONTROL_strip,S34_strip_plus_34,FINAL,delta_PREV_to_FINAL
Harry Sheezel,harry-sheezel,MID,7163,7202,7151,7151,-12
Nick Daicos,nick-daicos,MID,7002,6952,7002,7002,0
Luke Jackson,luke-jackson,RUC,6943,6802,6803,6803,-140
Tristan Xerri,tristan-xerri,RUC,5818,5800,5795,5795,-23
Nasiah Wanganeen-Milera,nasiah-wanganeen-milera,MID,5905,5795,5794,5794,-111
Max Holmes,max-holmes,MID,5424,5440,5386,5386,-38
Josh Treacy,josh-treacy,KEY_FWD,5299,5309,5312,5312,13
Errol Gulden,errol-gulden,MID,5222,5227,5256,5256,34
Zak Butters,zak-butters,MID,5185,5171,5174,5174,-11
Finn Callaghan,finn-callaghan,MID,4917,4927,4904,4904,-13
Will Ashcroft,will-ashcroft,MID,4780,4758,4768,4768,-12
Bailey Smith,bailey-smith,MID,4743,4741,4715,4715,-28
Archie Roberts,archie-roberts,GEN_DEF,4555,4678,4668,4668,113
Lachlan Ash,lachlan-ash,GEN_DEF,4607,4616,4611,4611,4
Tom Green,tom-green,MID,4417,4435,4424,4424,7
Caleb Serong,caleb-serong,MID,4161,4153,4170,4170,9
Sam Darcy,sam-darcy,KEY_FWD,4130,4136,4144,4144,14
Willem Duursma,willem-duursma,MID,4139,4143,4155,4110,-29
Noah Anderson,noah-anderson,MID,4089,4090,4091,4091,2
Jai Newcombe,jai-newcombe,MID,4001,4047,3974,3974,-27
Ryley Sanders,ryley-sanders,MID,4187,4897,3926,3926,-261
Matt Rowell,matt-rowell,MID,3747,3749,3752,3752,5
Murphy Reid,murphy-reid,GEN_FWD,3838,3836,3742,3742,-96
Darcy Wilmot,darcy-wilmot,GEN_DEF,3758,3738,3732,3732,-26
Jason Horne-Francis,jason-horne-francis,MID,4172,3702,3702,3702,-470
Riley Thilthorpe,riley-thilthorpe,KEY_FWD,3708,3707,3702,3702,-6
Colby McKercher,colby-mckercher,MID,3767,3621,3627,3627,-140
Harley Reid,harley-reid,MID,3553,3551,3549,3549,-4
Nick Watson,nick-watson,GEN_FWD,3593,3601,3538,3538,-55
Mac Andrew,mac-andrew,KEY_DEF,3502,3502,3504,3504,2
Finn O'Sullivan,finn-o-sullivan,MID,3468,2933,3427,3427,-41
Sam Lalor,sam-lalor,MID,3694,3277,3337,3337,-357
Brodie Grundy,brodie-grundy,RUC,3318,3268,3314,3314,-4
Isaac Heeney,isaac-heeney,MID,3296,3277,3301,3301,5
Bodhi Uwland,bodhi-uwland,GEN_DEF,3296,3319,3288,3288,-8
Nick Blakey,nick-blakey,GEN_DEF,3228,3253,3266,3266,38
Nicholas Martin,nicholas-martin,MID,3142,3116,3116,3116,-26
Marcus Bontempelli,marcus-bontempelli,MID,3080,3062,3084,3084,4
Kysaiah Pickett,kysaiah-pickett,GEN_FWD,3018,3046,3076,3076,58
George Wardlaw,george-wardlaw,MID,2997,2998,3035,3035,38
Levi Ashcroft,levi-ashcroft,MID,3281,3208,3028,3028,-253
Logan Morris,logan-morris,KEY_FWD,2995,2999,3018,3018,23
Jordan Clark,jordan-clark,GEN_DEF,3007,3009,3007,3007,0
Aaron Cadman,aaron-cadman,KEY_FWD,2962,2964,2970,2970,8
Josh Worrell,josh-worrell,GEN_DEF,3218,2943,2937,2937,-281
Luke Davies-Uniacke,luke-davies-uniacke,MID,2921,2909,2930,2930,9
Jake Bowey,jake-bowey,GEN_DEF,2929,2911,2926,2926,-3
Timothy English,timothy-english,RUC,2885,2917,2916,2916,31
Connor Rozee,connor-rozee,MID,2894,2896,2892,2892,-2
Callum Wilkie,callum-wilkie,KEY_DEF,2896,2916,2885,2885,-11
Reuben Ginbey,reuben-ginbey,KEY_DEF,2829,2847,2847,2847,18
Jagga Smith,jagga-smith,MID,3191,3512,2914,2822,-369
Will Day,will-day,MID,2800,2801,2806,2806,6
Jordan Dawson,jordan-dawson,MID,2765,2711,2758,2758,-7
Chad Warner,chad-warner,MID,3127,2740,2733,2733,-394
Connor O'Sullivan,connor-o-sullivan,KEY_DEF,2674,2661,2689,2689,15
Harvey Thomas,harvey-thomas,GEN_FWD,2478,2654,2640,2640,162
Jack Sinclair,jack-sinclair,GEN_DEF,2645,2661,2635,2635,-10
Ed Richards,ed-richards,MID,2624,2627,2625,2625,1
Hayden Young,hayden-young,MID,2840,2620,2608,2608,-232
Andrew Brayshaw,andrew-brayshaw,MID,2600,2602,2598,2598,-2
Zachary Merrett,zachary-merrett,MID,2482,2502,2559,2559,77
Sam Berry,sam-berry,MID,2424,2375,2495,2495,71
Harvey Langford,harvey-langford,MID,2442,2463,2458,2458,16
Izak Rankine,izak-rankine,GEN_FWD,2338,2336,2428,2428,90
Christian Petracca,christian-petracca,MID,3033,2414,2414,2414,-619
Darcy Wilson,darcy-wilson,GEN_FWD,2401,2404,2343,2343,-58
Shannon Neale,shannon-neale,KEY_FWD,2321,2321,2325,2325,4
Connor MacDonald,connor-macdonald,GEN_FWD,2313,2291,2305,2305,-8
John Noble,john-noble,GEN_DEF,2316,2335,2303,2303,-13
Joel Freijah,joel-freijah,MID,2677,2300,2302,2302,-375
Sam Flanders,sam-flanders,MID,2289,2267,2282,2282,-7
Tim Taranto,tim-taranto,MID,2277,2277,2277,2277,0
Sam Walsh,sam-walsh,MID,2262,2260,2261,2261,-1
Clayton Oliver,clayton-oliver,MID,2240,2227,2244,2244,4
Zac Bailey,zac-bailey,GEN_FWD,2249,2245,2244,2244,-5
Samuel Grlj,samuel-grlj,MID,2261,2209,2228,2228,-33
Mitchito Owens,mitchito-owens,KEY_FWD,2176,2180,2197,2197,21
Hugo Garcia,hugo-garcia,MID,2222,2205,2177,2177,-45
Kieren Briggs,kieren-briggs,RUC,2142,2137,2145,2145,3
Jase Burgoyne,jase-burgoyne,GEN_DEF,2035,2157,2140,2140,105
Daniel Curtin,daniel-curtin,MID,2157,2155,2135,2135,-22
Max Gawn,max-gawn,RUC,2120,2089,2112,2112,-8
Shai Bolton,shai-bolton,GEN_FWD,2077,2117,2089,2089,12
Jake Soligo,jake-soligo,MID,2500,2045,2079,2079,-421
Josh Battle,josh-battle,KEY_DEF,2036,2043,2038,2038,2
Jordon Sweet,jordon-sweet,RUC,2036,2033,2026,2026,-10
Connor Idun,connor-idun,GEN_DEF,1977,1981,1991,1991,14
Zeke Uwland,zeke-uwland,GEN_DEF,1958,1983,1984,1984,26
Max Hall,max-hall,GEN_FWD,1954,1959,1939,1939,-15
Lachie Whitfield,lachie-whitfield,GEN_DEF,1924,1924,1924,1924,0
Sam Cumming,sam-cumming,MID,1936,1910,1918,1918,-18
Jaspa Fletcher,jaspa-fletcher,GEN_DEF,1868,1909,1916,1916,48
Lawson Humphries,lawson-humphries,GEN_DEF,1877,1888,1912,1912,35
Tom Powell,tom-powell,GEN_FWD,1407,1857,1901,1901,494
Sullivan Robey,sullivan-robey,MID,2234,1882,1919,1847,-387
James Sicily,james-sicily,GEN_DEF,1853,1853,1846,1846,-7
Massimo D'Ambrosio,massimo-d-ambrosio,MID,1844,1856,1846,1846,2
Ollie Dempsey,ollie-dempsey,MID,1842,1821,1843,1843,1
Toby Nankervis,toby-nankervis,RUC,1807,1805,1806,1806,-1
Sam Taylor,sam-taylor,KEY_DEF,1790,1801,1797,1797,7
Josh Rachele,josh-rachele,GEN_FWD,1798,1848,1793,1793,-5
Josh Daicos,josh-daicos,GEN_DEF,1781,1794,1790,1790,9
Jack Ginnivan,jack-ginnivan,GEN_FWD,1797,1789,1781,1781,-16
Bailey Dale,bailey-dale,GEN_DEF,1765,1757,1754,1754,-11
Trent Rivers,trent-rivers,GEN_DEF,1692,1720,1740,1740,48
Harry Dean,harry-dean,KEY_DEF,1809,1808,1809,1736,-73
Harris Andrews,harris-andrews,KEY_DEF,1720,1726,1709,1709,-11
Callum Mills,callum-mills,GEN_DEF,1696,1705,1705,1705,9
Bailey J. Williams,bailey-williams-wc,RUC,2376,1689,1704,1704,-672
Jack Lukosius,jack-lukosius,KEY_FWD,1625,1691,1697,1697,72
Aaron Naughton,aaron-naughton,KEY_FWD,1704,1701,1696,1696,-8
Matthew Roberts,matthew-roberts,GEN_DEF,1649,1663,1679,1679,30
Tom De Koning,tom-de-koning,RUC,1660,1657,1678,1678,18
Peter Wright,peter-wright,KEY_FWD,1632,1667,1671,1671,39
Nate Caddy,nate-caddy,KEY_FWD,1669,1646,1667,1667,-2
Thomas Liberatore,thomas-liberatore,MID,1624,1585,1666,1666,42
Lachie Neale,lachie-neale,MID,1660,1651,1651,1651,-9
Josh Ward,josh-ward,MID,1634,1646,1650,1650,16
Wayne Milera,wayne-milera,GEN_DEF,1641,1641,1649,1649,8
Joel Jeffrey,joel-jeffrey,GEN_DEF,1638,1629,1644,1644,6
Caleb Windsor,caleb-windsor,MID,1696,1644,1636,1636,-60
Patrick Voss,patrick-voss,KEY_FWD,1630,1631,1631,1631,1
Jack Ross,jack-ross,MID,2165,1632,1624,1624,-541
Darcy Jones,darcy-jones,GEN_FWD,1621,1710,1610,1610,-11
Zach Reid,zach-reid,KEY_DEF,1592,1604,1609,1609,17
Hugh McCluggage,hugh-mccluggage,MID,1601,1610,1598,1598,-3
Ned Moyle,ned-moyle,RUC,1599,1597,1598,1598,-1
Daniel Turner,daniel-turner,KEY_DEF,1608,1613,1592,1592,-16
Jordan De Goey,jordan-de-goey,GEN_FWD,1560,1621,1564,1564,4
Isaac Kako,isaac-kako,GEN_FWD,1708,1672,1560,1560,-148
Marcus Windhager,marcus-windhager,MID,1619,1546,1557,1557,-62
Mark Keane,mark-keane,KEY_DEF,1560,1570,1550,1550,-10
Joshua Weddle,joshua-weddle,GEN_DEF,1565,1560,1543,1543,-22
Tom McCarthy,tom-mccarthy,GEN_DEF,1551,1564,1540,1540,-11
Jacob Farrow,jacob-farrow,GEN_DEF,1616,1570,1583,1526,-90
Sam Durham,sam-durham,MID,2059,1541,1521,1521,-538
Jack Steele,jack-steele,MID,1530,1536,1519,1519,-11
Luke Ryan,luke-ryan,GEN_DEF,1519,1511,1519,1519,0
Leo Lombard,leo-lombard,GEN_FWD,1545,1528,1516,1516,-29
Cooper Trembath,cooper-trembath,KEY_FWD,1476,1495,1509,1509,33
Cooper Duff-Tytler,cooper-duff-tytler,KEY_FWD,1442,1550,1548,1508,66
Alix Tauru,alix-tauru,KEY_DEF,1496,1475,1507,1507,11
Daniel Annable,daniel-annable,MID,1523,1492,1502,1502,-21
Jed Walter,jed-walter,KEY_FWD,1499,1503,1497,1497,-2
Harry McKay,harry-mckay,KEY_FWD,1478,1491,1496,1496,18
Jayden Short,jayden-short,GEN_DEF,1481,1491,1476,1476,-5
Cameron Mackenzie,cameron-mackenzie,MID,1479,1477,1473,1473,-6
Will Setterfield,will-setterfield,MID,1470,1470,1469,1469,-1
Nick Madden,nick-madden,RUC,1474,1464,1464,1464,-10
Gryan Miers,gryan-miers,GEN_FWD,1454,1473,1463,1463,9
Jye Caldwell,jye-caldwell,MID,1461,1461,1461,1461,0
Tom McCartin,tom-mccartin,KEY_DEF,1456,1454,1457,1457,1
Oliver Hollands,oliver-hollands,GEN_DEF,1396,1452,1457,1457,61
Justin McInerney,justin-mcinerney,MID,1941,2251,1454,1454,-487
Mitch Georgiades,mitch-georgiades,KEY_FWD,1447,1444,1449,1449,2
Jobe Shanahan,jobe-shanahan,KEY_FWD,1427,1435,1445,1445,18
Kane Farrell,kane-farrell,GEN_DEF,1438,1436,1434,1434,-4
Josh Lindsay,josh-lindsay,GEN_DEF,1464,1440,1426,1426,-38
Bailey Humphrey,bailey-humphrey,GEN_FWD,1437,1446,1422,1422,-15
Jake Waterman,jake-waterman,KEY_FWD,1410,1420,1413,1413,3
Dylan Moore,dylan-moore,GEN_FWD,1411,1436,1409,1409,-2
Darcy Parish,darcy-parish,MID,1393,1393,1393,1393,0
Ethan Read,ethan-read,KEY_FWD,1369,1366,1390,1390,21
Mason Redman,mason-redman,GEN_DEF,1379,1372,1389,1389,10
Darcy Cameron,darcy-cameron,RUC,1377,1374,1381,1381,4
Luke Trainor,luke-trainor,KEY_DEF,1221,1347,1359,1359,138
Mitchell Edwards,mitchell-edwards,RUC,1335,1349,1359,1359,24
Paul Curtis,paul-curtis,GEN_FWD,1334,1323,1355,1355,21
Luke Parker,luke-parker,GEN_DEF,1346,1345,1348,1348,2
Dyson Sharp,dyson-sharp,MID,1188,1214,1338,1338,150
Taj Hotton,taj-hotton,MID,1097,1305,1337,1337,240
Touk Miller,touk-miller,MID,1908,1266,1331,1331,-577
Patrick Cripps,patrick-cripps,MID,1326,1326,1326,1326,0
Xavier Lindsay,xavier-lindsay,GEN_DEF,1273,1314,1319,1319,46
George Hewett,george-hewett,MID,1325,1322,1319,1319,-6
Sid Draper,sid-draper,MID,1250,1316,1314,1314,64
Brent Daniels,brent-daniels,GEN_FWD,1316,1312,1312,1312,-4
Koltyn Tholstrup,koltyn-tholstrup,GEN_DEF,1504,1291,1304,1304,-200
Logan Evans,logan-evans,GEN_DEF,1299,1306,1294,1294,-5
Jacob Weitering,jacob-weitering,KEY_DEF,1270,1266,1275,1275,5
Ryan Maric,ryan-maric,MID,1339,1289,1271,1271,-68
Joe Berry,joe-berry,GEN_FWD,1424,1346,1269,1269,-155
Caleb Daniel,caleb-daniel,GEN_DEF,1220,1220,1218,1218,-2
James Peatling,james-peatling,MID,1211,1224,1216,1216,5
Jye Amiss,jye-amiss,KEY_FWD,1193,1201,1199,1199,6
Ben Miller,ben-miller,KEY_DEF,1200,1190,1191,1191,-9
Logan McDonald,logan-mcdonald,KEY_FWD,1156,1150,1158,1158,2
Jonty Faull,jonty-faull,KEY_FWD,1160,1161,1153,1153,-7
Cooper Hynes,cooper-hynes,MID,1261,1125,1150,1150,-111
Seth Campbell,seth-campbell,GEN_FWD,1144,1140,1150,1150,6
Elijah Tsatas,elijah-tsatas,MID,1127,1160,1149,1149,22
Will Graham,will-graham,GEN_FWD,1129,1146,1144,1144,15
Jeremy Cameron,jeremy-cameron,KEY_FWD,1139,1139,1143,1143,4
Jack Whitlock,jack-whitlock,KEY_FWD,1098,1115,1122,1122,24
Kane McAuliffe,kane-mcauliffe,MID,1106,1136,1111,1111,5
Andrew McGrath,andrew-mcgrath,GEN_DEF,1072,1096,1094,1094,22
Adam Cerra,adam-cerra,MID,1089,1089,1089,1089,0
Dan Houston,dan-houston,GEN_DEF,1088,1096,1084,1084,-4
Bo Allan,bo-allan,GEN_DEF,1022,1046,1064,1064,42
Mattaes Phillipou,mattaes-phillipou,MID,1429,1057,1050,1050,-379
Calsher Dear,calsher-dear,KEY_FWD,1043,1039,1043,1043,0
Jacob Van Rooyen,jacob-van-rooyen,KEY_FWD,1044,1015,1040,1040,-4
Will Brodie,will-brodie,MID,1026,1026,1034,1034,8
Kade Chandler,kade-chandler,GEN_FWD,1029,1025,1022,1022,-7
Ty Gallop,ty-gallop,KEY_FWD,976,998,1022,1022,46
Sam De Koning,sam-de-koning,KEY_DEF,963,1024,1018,1018,55
Jordan Ridley,jordan-ridley,GEN_DEF,1016,1008,1017,1017,1
Joshua Kelly,joshua-kelly,MID,1012,1012,1012,1012,0
Aliir Aliir,aliir-aliir,KEY_DEF,1010,1010,1009,1009,-1
Tanner Bruhn,tanner-bruhn,MID,1027,1005,1008,1008,-19
Thomas Stewart,thomas-stewart,GEN_DEF,1009,998,1002,1002,-7
Lachlan McAndrew,lachlan-mcandrew,RUC,1002,1002,998,998,-4
Dayne Zorko,dayne-zorko,GEN_DEF,996,986,990,990,-6
Matt Carroll,matt-carroll,MID,997,993,980,980,-17
Josh Smillie,josh-smillie,MID,993,965,974,974,-19
Archer Reid,archer-reid,KEY_FWD,950,964,974,974,24
Charlie Curnow,charlie-curnow,KEY_FWD,962,966,967,967,5
Ned Long,ned-long,MID,1417,963,963,963,-454
Sam Marshall,sam-marshall,MID,947,945,961,961,14
Wil Powell,wil-powell,GEN_DEF,956,963,959,959,3
Jai Murray,jai-murray,MID,923,893,942,940,17
Samuel Collins,samuel-collins,KEY_DEF,941,941,940,940,-1
Ryan Lester,ryan-lester,KEY_DEF,337,933,939,939,602
Nathan O'Driscoll,nathan-o-driscoll,MID,920,904,934,934,14
Jack Gunston,jack-gunston,KEY_FWD,925,930,928,928,3
Rory Laird,rory-laird,GEN_DEF,925,930,922,922,-3
Tim Kelly,tim-kelly,MID,1598,1605,921,921,-677
Sam Banks,sam-banks,GEN_DEF,914,895,915,915,1
Elijah Hollands,elijah-hollands,GEN_FWD,915,931,913,913,-2
Thomas Sims,thomas-sims,KEY_FWD,892,898,905,905,13
Josh Dunkley,josh-dunkley,MID,925,932,903,903,-22
Hamish Davis,hamish-davis,MID,906,897,892,892,-14
Elijah Hewett,elijah-hewett,MID,839,831,889,889,50
Lloyd Meek,lloyd-meek,RUC,885,877,887,887,2
Brayden Maynard,brayden-maynard,GEN_DEF,872,870,880,880,8
Christian Moraes,christian-moraes,MID,869,879,878,878,9
Lachy Dovaston,lachy-dovaston,GEN_FWD,981,958,869,869,-112
Beau Addinsall,beau-addinsall,MID,872,791,866,866,-6
Nic Newman,nic-newman,GEN_DEF,865,871,862,862,-3
Willem Drew,willem-drew,MID,862,863,858,858,-4
Louis Emmett,louis-emmett,RUC,855,855,855,855,0
Jordan Croft,jordan-croft,KEY_FWD,838,840,853,853,15
Joe Richards,joe-richards,GEN_FWD,839,843,842,842,3
Harry Rowston,harry-rowston,MID,818,756,839,839,21
Milan Murdock,milan-murdock,GEN_FWD,830,833,828,831,1
Toby Greene,toby-greene,GEN_FWD,829,837,826,826,-3
Sean Darcy,sean-darcy,RUC,826,948,826,826,0
Brodie Kemp,brodie-kemp,KEY_FWD,798,816,814,814,16
Hugh Boxshall,hugh-boxshall,MID,796,818,812,812,16
Neil Erasmus,neil-erasmus,MID,790,794,809,809,19
Bradley Hill,bradley-hill,GEN_FWD,805,809,807,807,2
Jack Viney,jack-viney,MID,801,801,801,801,0
Angus Sheldrick,angus-sheldrick,MID,796,805,799,799,3
Karl Amon,karl-amon,GEN_DEF,779,781,781,781,2
Nick Bryan,nick-bryan,RUC,760,754,775,775,15
Tyler Sonsie,tyler-sonsie,MID,731,714,764,764,33
Dylan Patterson,dylan-patterson,GEN_DEF,783,766,762,762,-21
Harry O'Farrell,harry-o-farrell,KEY_DEF,748,753,760,760,12
Harry Kyle,harry-kyle,GEN_DEF,810,790,798,757,-53
Harley Barker,harley-barker,MID,766,702,755,755,-11
Caiden Cleary,caiden-cleary,GEN_FWD,725,779,750,750,25
Hayden McLean,hayden-mclean,KEY_FWD,741,737,745,745,4
Zane Duursma,zane-duursma,GEN_FWD,782,760,744,744,-38
Oliver Florent,oliver-florent,GEN_DEF,739,740,743,743,4
Brayden Cook,brayden-cook,MID,1128,715,742,742,-386
Joseph Fonti,joseph-fonti,GEN_DEF,726,737,731,731,5
Jack Buckley,jack-buckley,KEY_DEF,739,738,729,729,-10
Patrick Retschko,patrick-retschko,MID,755,752,729,729,-26
Harry Armstrong,harry-armstrong,KEY_FWD,762,759,728,728,-34
Taylor Goad,taylor-goad,RUC,761,747,723,723,-38
Charlie Comben,charlie-comben,KEY_DEF,715,723,718,718,3
Xavier Taylor,xavier-taylor,GEN_DEF,725,710,717,717,-8
Tobie Travaglia,tobie-travaglia,GEN_DEF,699,711,716,716,17
Daniel Rioli,daniel-rioli,GEN_DEF,711,718,708,708,-3
Matthew Flynn,matthew-flynn,RUC,699,703,703,703,4
Jarman Impey,jarman-impey,GEN_DEF,692,692,692,692,0
Anthony Caminiti,anthony-caminiti,KEY_FWD,648,690,690,690,42
Dante Visentini,dante-visentini,RUC,949,684,684,684,-265
Edward Allan,edward-allan,MID,655,660,680,680,25
Oskar Taylor,oskar-taylor,GEN_DEF,707,682,676,676,-31
Miles Bergman,miles-bergman,GEN_DEF,684,671,670,670,-14
Angus Clarke,angus-clarke,GEN_DEF,674,678,669,669,-5
Cameron Nairn,cameron-nairn,GEN_FWD,738,743,686,663,-75
Sam Allen,sam-allen,MID,648,618,658,658,10
Jhye Clark,jhye-clark,MID,866,657,652,652,-214
Lachie Jaques,lachie-jaques,GEN_DEF,662,645,643,643,-19
Adam Saad,adam-saad,GEN_DEF,639,643,636,636,-3
Sam Draper,sam-draper,RUC,1230,636,635,635,-595
Jedd Busslinger,jedd-busslinger,KEY_DEF,626,610,632,632,6
Liam Baker,liam-baker,GEN_DEF,799,639,631,631,-168
Lachlan Cowan,lachlan-cowan,GEN_DEF,623,625,630,630,7
Karl Worner,karl-worner,GEN_DEF,620,630,630,630,10
Heath Chapman,heath-chapman,GEN_DEF,625,636,629,629,4
Lachlan Smith,lachlan-smith,RUC,649,620,624,624,-25
Josh Draper,josh-draper,KEY_DEF,618,618,621,621,3
Keidean Coleman,keidean-coleman,GEN_DEF,624,619,620,620,-4
Lachlan Schultz,lachlan-schultz,GEN_FWD,613,621,619,619,6
Reilly O'Brien,reilly-o-brien,RUC,619,620,618,618,-1
Cooper Sharman,cooper-sharman,KEY_FWD,616,612,617,617,1
Jack Silvagni,jack-silvagni,KEY_DEF,617,614,614,614,-3
Charlie Banfield,charlie-banfield,MID,595,549,613,613,18
Matt Johnson,matt-johnson-1,MID,608,610,608,608,0
Adam Treloar,adam-treloar,MID,1194,1193,607,607,-587
Cody Curtin,cody-curtin,KEY_FWD,623,615,605,605,-18
Jy Simpkin,jy-simpkin,MID,1251,609,603,603,-648
Mitchell Lewis,mitchell-lewis,KEY_FWD,601,605,602,602,1
Kyle Langford,kyle-langford,KEY_FWD,591,601,601,601,10
Latrelle Pickett,latrelle-pickett,GEN_FWD,683,667,645,598,-85
Jack Crisp,jack-crisp,MID,600,597,597,597,-3
Tyan Prindable,tyan-prindable,MID,577,564,596,596,19
Matthew Kennedy,matthew-kennedy-1,MID,597,598,596,596,-1
Mitchell Marsh,mitchell-marsh,KEY_FWD,588,602,594,594,6
Alex Davies,alex-davies,MID,592,596,592,592,0
Jake Rogers,jake-rogers,GEN_FWD,673,669,587,587,-86
Aidan Schubert,aidan-schubert,KEY_FWD,582,594,586,586,4
Christian Salem,christian-salem,GEN_DEF,585,581,583,583,-2
Bailey Williams,bailey-williams-wb,GEN_DEF,582,583,582,582,0
Hunter Holmes,hunter-holmes,MID,556,548,577,577,21
Max Michalanney,max-michalanney,GEN_DEF,573,578,576,576,3
Nick Larkey,nick-larkey,KEY_FWD,570,572,574,574,4
Scott Pendlebury,scott-pendlebury,MID,573,572,573,573,0
Brayden Fiorini,brayden-fiorini,MID,576,578,573,573,-3
Samson Ryan,samson-ryan,RUC,568,563,569,569,1
Ed Langdon,ed-langdon,GEN_DEF,569,570,567,567,-2
Charlie Edwards,charlie-edwards,MID,561,525,560,560,-1
Jake Lever,jake-lever,KEY_DEF,550,550,550,550,0
Campbell Chesser,campbell-chesser,MID,559,546,549,549,-10
Zak Johnson,zak-johnson,GEN_DEF,529,533,545,545,16
Elliot Yeo,elliot-yeo,MID,544,544,542,542,-2
Rhett Bazzo,rhett-bazzo,KEY_DEF,529,533,541,541,12
Will Green,will-green,RUC,539,532,536,536,-3
Blake Thredgold,blake-thredgold,KEY_DEF,503,520,532,532,29
Max King,max-king-stk,KEY_FWD,531,521,530,530,-1
Lachlan Carmichael,lachlan-carmichael,GEN_DEF,557,544,529,529,-28
Jack Williams,jack-williams,KEY_FWD,545,548,529,529,-16
Jarrod Berry,jarrod-berry,MID,531,539,527,527,-4
Shaun Mannagh,shaun-mannagh,GEN_FWD,520,519,526,526,6
Patrick Lipinski,patrick-lipinski,GEN_FWD,525,531,524,524,-1
Adam Sweid,adam-sweid,GEN_FWD,522,566,521,521,-1
James Worpel,james-worpel,MID,517,525,519,519,2
Tom Gross,tom-gross,MID,664,537,518,518,-146
Samuel Swadling,samuel-swadling,MID,493,496,517,517,24
Brennan Cox,brennan-cox,KEY_DEF,515,516,515,515,0
Marc Pittonet,marc-pittonet,RUC,507,509,513,513,6
Cody Angove,cody-angove,MID,364,396,506,506,142
Jayden Laverde,jayden-laverde,KEY_DEF,505,505,505,505,0
Clay Hall,clay-hall,MID,515,516,505,505,-10
Harry Barnett,harry-barnett,RUC,505,501,503,503,-2
Tom Brown,tom-brown,GEN_DEF,494,493,502,502,8
Talor Byrne,talor-byrne,GEN_FWD,550,544,523,499,-51
Isaac Quaynor,isaac-quaynor,GEN_DEF,498,502,493,493,-5
Jack Ison,jack-ison,GEN_FWD,540,582,518,490,-50
Alex Neal-Bullen,alex-neal-bullen,GEN_FWD,487,489,488,488,1
Oliver Wines,oliver-wines,MID,486,486,486,486,0
Noah Balta,noah-balta,KEY_FWD,399,478,485,485,86
Tom Sparrow,tom-sparrow,MID,470,475,483,483,13
Tom Barrass,tom-barrass,KEY_DEF,482,482,481,481,-1
Thomas Matthews,thomas-matthews,GEN_FWD,463,480,479,479,16
Cameron Rayner,cameron-rayner,GEN_FWD,497,487,479,479,-18
James Borlase,james-borlase,KEY_DEF,483,481,475,475,-8
Harrison Oliver,harrison-oliver,GEN_DEF,497,481,473,473,-24
Max Kondogiannis,max-kondogiannis,GEN_DEF,498,488,500,472,-26
James Rowbottom,james-rowbottom,MID,483,488,472,472,-11
Zane Peucker,zane-peucker,GEN_FWD,454,467,471,471,17
Zane Zakostelsky,zane-zakostelsky,KEY_DEF,447,465,470,470,23
Matthew Jefferson,matthew-jefferson,KEY_FWD,471,481,469,469,-2
Darcy Fogarty,darcy-fogarty,KEY_FWD,467,461,469,469,2
Jack Dalton,jack-dalton,GEN_FWD,400,461,467,467,67
Toby Conway,toby-conway,RUC,468,465,467,467,-1
Tom Papley,tom-papley,GEN_FWD,469,470,467,467,-2
Zach Guthrie,zach-guthrie,GEN_DEF,466,478,465,465,-1
Ben King,ben-king,KEY_FWD,470,463,463,463,-7
Kai Lohmann,kai-lohmann,GEN_FWD,490,463,463,463,-27
Avery Thomas,avery-thomas,GEN_DEF,479,474,462,462,-17
Peter Ladhams,peter-ladhams,RUC,458,462,462,462,4
Mitchell Hinge,mitchell-hinge,GEN_DEF,460,473,460,460,0
William McCabe,william-mccabe,KEY_FWD,457,463,456,456,-1
Harrison Himmelberg,harrison-himmelberg,GEN_DEF,454,454,454,454,0
Jevan Phillipou,jevan-phillipou,GEN_FWD,426,426,443,443,17
Wil Dawson,wil-dawson,KEY_DEF,404,425,442,442,38
Koby Coulson,koby-coulson,MID,418,425,439,439,21
Jayden Nguyen,jayden-nguyen,GEN_DEF,425,437,439,439,14
Liam Fawcett,liam-fawcett,KEY_FWD,440,435,436,436,-4
Josh Dolan,josh-dolan,GEN_FWD,469,474,435,435,-34
Ryan Angwin,ryan-angwin,MID,423,429,434,434,11
Archer Day-Wicks,archer-day-wicks,GEN_FWD,422,422,432,432,10
Rowan Marshall,rowan-marshall,RUC,1417,433,431,431,-986
Oliver Francou,oliver-francou,MID,409,401,424,424,15
Koby Evans,koby-evans,GEN_FWD,408,402,423,423,15
Tylah Williams,tylah-williams,GEN_FWD,402,395,416,416,14
Tom Doedee,tom-doedee,GEN_DEF,412,411,410,410,-2
Cooper Lord,cooper-lord,MID,419,403,408,408,-11
Kye Fincher,kye-fincher,MID,387,392,405,405,18
Archie May,archie-may,KEY_FWD,379,372,405,405,26
Noah Roberts-Thomson,noah-roberts-thomson,GEN_FWD,428,427,405,405,-23
Riley Bice,riley-bice,GEN_DEF,406,419,404,404,-2
Jaxon Artemis,jaxon-artemis,GEN_DEF,414,409,403,403,-11
Max Knobel,max-knobel,RUC,402,402,402,402,0
Oliver Hannaford,oliver-hannaford,GEN_FWD,515,461,401,401,-114
Nikolas Cox,nikolas-cox,KEY_FWD,400,401,400,400,0
Charlie West,charlie-west,KEY_FWD,398,397,396,396,-2
Cillian Bourke,cillian-bourke,GEN_DEF,402,409,396,396,-6
Liam Duggan,liam-duggan,GEN_DEF,393,399,396,396,3
James O'Donnell,james-o-donnell,KEY_DEF,411,402,395,395,-16
Jacob Molier,jacob-molier,RUC,393,394,393,393,0
Flynn Riley,flynn-riley,RUC,389,391,389,389,0
Caleb May,caleb-may,RUC,389,391,389,389,0
Alex Van Wyk,alex-van-wyk,RUC,389,391,389,389,0
Max Mapley,max-mapley,RUC,389,391,389,389,0
Patrick Carr,patrick-carr,RUC,389,391,389,389,0
Alex Dodson,alex-dodson,RUC,388,388,388,388,0
Matthew LeRay,matthew-leray,MID,372,377,388,388,16
Jesse Dattoli,jesse-dattoli,GEN_FWD,408,440,387,387,-21
Blake Hardwick,blake-hardwick,GEN_DEF,450,391,387,387,-63
Harry DeMattia,harry-demattia,MID,387,357,384,384,-3
Zac Taylor,zac-taylor,GEN_FWD,371,374,384,384,13
Riley Hamilton,riley-hamilton,GEN_FWD,349,348,381,381,32
Jack Darling,jack-darling,KEY_FWD,378,378,378,378,0
Isaac Keeler,isaac-keeler,KEY_FWD,370,376,378,378,8
Max Gruzewski,max-gruzewski,KEY_FWD,377,382,376,376,-1
Chris Scerri,chris-scerri,GEN_FWD,385,383,376,376,-9
Hudson O'Keeffe,hudson-o-keeffe,KEY_FWD,310,368,376,376,66
Jarrod Witts,jarrod-witts,RUC,376,376,375,375,-1
Ned Reeves,ned-reeves,RUC,371,372,374,374,3
Logan Smith,logan-smith,RUC,371,372,372,372,1
Matt Whitlock,matt-whitlock,KEY_FWD,372,376,371,371,-1
Jake Riccardi,jake-riccardi,KEY_FWD,370,363,371,371,1
Deven Robertson,deven-robertson,MID,369,373,367,367,-2
Tobyn Murray,tobyn-murray,GEN_FWD,382,374,366,366,-16
Will Darcy,will-darcy,KEY_DEF,362,367,365,365,3
Hussien El Achkar,hussien-el-achkar,GEN_FWD,401,420,365,365,-36
Luke Nankervis,luke-nankervis,GEN_DEF,367,356,365,365,-2
Hugo Mikunda,hugo-mikunda,GEN_FWD,353,343,363,363,10
Thomas Burton,thomas-burton,GEN_FWD,381,384,363,363,-18
Sandy Brock,sandy-brock,KEY_DEF,354,352,363,363,9
Rory Lobb,rory-lobb,KEY_DEF,359,359,359,359,0
Malakai Champion,malakai-champion,GEN_FWD,376,363,359,359,-17
Maxwell King,max-king-syd,GEN_FWD,348,338,358,358,10
Finnegan Davis,finnegan-davis,GEN_DEF,363,367,357,357,-6
Brady Hough,brady-hough,GEN_DEF,365,355,357,357,-8
Josh Lai,josh-lai,GEN_DEF,353,366,349,357,4
Tom McDonald,tom-mcdonald,KEY_DEF,356,356,356,356,0
Lachlan Gulbin,lachlan-gulbin,GEN_FWD,356,359,354,354,-2
Jesse Hogan,jesse-hogan,KEY_FWD,354,356,352,352,-2
Jacob Konstanty,jacob-konstanty,GEN_FWD,396,397,350,350,-46
Will Lorenz,will-lorenz,MID,354,346,349,349,-5
Dylan Stephens,dylan-stephens,MID,345,341,349,349,4
Josh Sinn,josh-sinn,GEN_DEF,359,345,344,344,-15
Ned Bowman,ned-bowman,GEN_FWD,336,362,339,339,3
Archie Ludowyke,archie-ludowyke,KEY_FWD,347,342,339,339,-8
Riley Hardeman,riley-hardeman,GEN_DEF,339,335,339,339,0
Jack Ough,jack-ough,MID,322,323,337,337,15
Dion Prestia,dion-prestia,MID,333,333,333,333,0
Mabior Chol,mabior-chol,KEY_FWD,333,335,333,333,0
Phoenix Gothard,phoenix-gothard,GEN_FWD,370,372,330,330,-40
Jack Payne,jack-payne,KEY_DEF,331,327,329,329,-2
James Barrat,james-barrat,KEY_DEF,308,316,324,324,16
Tyrell Dewar,tyrell-dewar,GEN_DEF,304,311,324,324,20
Jasper Alger,jasper-alger,GEN_FWD,351,338,321,321,-30
Charlie Nicholls,charlie-nicholls,KEY_FWD,325,327,320,320,-5
Will Hayes,will-hayes-b,GEN_FWD,309,303,320,320,11
Oliver Hayes-Brown,oliver-hayes-brown,RUC,319,319,319,319,0
Zac McCarthy,zac-mccarthy,KEY_FWD,327,321,318,318,-9
Luker Kentfield,luker-kentfield,KEY_FWD,313,303,315,315,2
Ollie Greeves,ollie-greeves,MID,317,312,315,315,-2
Noah Mraz,noah-mraz,KEY_DEF,299,306,314,314,15
Leek Aleer,leek-aleer,KEY_DEF,328,324,314,314,-14
Sam Powell-Pepper,sam-powell-pepper,GEN_FWD,317,318,314,314,-3
Jesse Mellor,jesse-mellor,MID,300,300,311,311,11
Xavier Bamert,xavier-bamert,GEN_FWD,227,304,310,310,83
Blake Howes,blake-howes,GEN_DEF,317,314,310,310,-7
Ben Keays,ben-keays,GEN_FWD,311,303,309,309,-2
Luke Kennedy,luke-kennedy,MID,316,317,308,308,-8
Ben Ainsworth,ben-ainsworth,GEN_FWD,307,307,307,307,0
Jack Graham,jack-graham,MID,368,306,303,303,-65
Jaime Uhr-Henry,jaime-uhr-henry,RUC,301,302,301,301,0
Joe Pike,joe-pike,RUC,301,302,301,301,0
Aiden Riddle,aiden-riddle,RUC,301,302,301,301,0
Jaxon Prior,jaxon-prior,GEN_DEF,296,295,298,298,2
Harrison Ramm,harrison-ramm,KEY_DEF,297,306,297,297,0
Tom Anastasopoulos,thomas-anastasopoulos,GEN_FWD,299,304,297,297,-2
Kayle Gerreyn,kayle-gerreyn,KEY_FWD,302,302,296,296,-6
Tom Atkins,tom-atkins,MID,294,293,293,293,-1
Bodie Ryan,bodie-ryan,GEN_DEF,183,183,185,292,109
James Leake,james-leake,GEN_DEF,293,285,286,286,-7
Balyn O'Brien,balyn-o-brien,GEN_DEF,291,297,286,286,-5
Ben Murphy,ben-murphy,GEN_DEF,291,297,286,286,-5
Kobe McDonald,kobe-mcdonald,GEN_DEF,291,297,286,286,-5
Indy Cotton,indy-cotton,GEN_DEF,291,297,286,286,-5
Conor Nash,conor-nash,MID,285,286,286,286,1
Jeremy Howe,jeremy-howe,GEN_DEF,287,286,285,285,-2
Henry Hustwaite,henry-hustwaite,MID,274,281,284,284,10
Archie Perkins,archie-perkins,GEN_FWD,285,284,283,283,-2
Ben Camporeale,ben-camporeale,MID,269,274,283,283,14
Kalani White,kalani-white,KEY_FWD,283,282,280,280,-3
Liam Hetherton,liam-hetherton,KEY_FWD,283,282,280,280,-3
Noah Long,noah-long,GEN_FWD,281,269,276,276,-5
Judd McVee,judd-mcvee,GEN_DEF,277,273,276,276,-1
Cody Weightman,cody-weightman,GEN_FWD,291,281,276,276,-15
Lewis Hayes,lewis-hayes,KEY_DEF,260,269,275,275,15
Jacob Moss,jacob-moss,KEY_FWD,273,277,275,275,2
George Stevens,george-stevens,MID,288,287,275,275,-13
Steely Green,steely-green,GEN_FWD,265,265,272,272,7
Charlie Cameron,charlie-cameron,GEN_FWD,275,273,271,271,-4
Joel Cochran,joel-cochran,KEY_DEF,261,264,268,268,7
Xavier Duursma,xavier-duursma,MID,268,273,268,268,0
Angus Hastie,angus-hastie,GEN_DEF,260,265,265,265,5
Oliver Griffin,oliver-griffin,GEN_FWD,263,250,265,265,2
Lance Collard,lance-collard,GEN_FWD,227,276,264,264,37
Cooper Bell,cooper-bell,KEY_DEF,254,258,261,261,7
Noah Chamberlain,noah-chamberlain,GEN_FWD,240,235,260,260,20
Jai Saxena,jai-saxena,GEN_FWD,240,235,260,260,20
Ryda Luke,ryda-luke,GEN_FWD,240,235,260,260,20
Toby Whan,toby-whan,GEN_FWD,240,235,260,260,20
Will Edwards,will-edwards,KEY_DEF,240,239,240,260,20
Brayden George,brayden-george,GEN_FWD,256,276,259,259,3
Tyson Stengle,tyson-stengle,GEN_FWD,259,260,258,258,-1
Vigo Visentini,vigo-visentini,RUC,256,257,256,256,0
Iliro Smit,iliro-smit,RUC,256,257,256,256,0
Josaia Delana,josaia-delana,GEN_FWD,241,248,256,256,15
Darcy Byrne-Jones,darcy-byrne-jones,GEN_DEF,677,697,255,255,-422
Liam Reidy,liam-reidy,RUC,258,253,255,255,-3
Oscar Steene,oscar-steene,RUC,255,252,253,253,-2
Riak Andrew,riak-andrew,KEY_DEF,257,255,250,250,-7
Sam Clohesy,sam-clohesy,MID,245,242,250,250,5
Brandon Zerk-Thatcher,brandon-zerk-thatcher,KEY_DEF,250,248,248,248,-2
Ashton Moir,ashton-moir,GEN_FWD,246,251,247,247,1
Jackson Macrae,jackson-macrae,MID,246,245,246,246,0
Arthur Jones,arthur-jones,GEN_FWD,230,243,246,246,16
Harvey Johnston,harvey-johnston,GEN_DEF,241,240,244,244,3
Finnbar Maley,finnbar-maley,KEY_FWD,253,251,243,243,-10
Oscar Ryan,oscar-ryan,GEN_DEF,250,247,241,241,-9
Josh Gibcus,josh-gibcus,KEY_DEF,240,240,239,239,-1
Billy Wilson,billy-wilson,GEN_DEF,245,242,238,238,-7
Jay Polkinghorne,jay-polkinghorne,GEN_FWD,229,223,236,236,7
Lucas Camporeale,lucas-camporeale,MID,226,229,236,236,10
Campbell Gray,campbell-gray,KEY_DEF,238,244,236,236,-2
Toby Bedford,toby-bedford,GEN_FWD,238,238,236,236,-2
Hugh Davies,hugh-davies,KEY_DEF,222,228,234,234,12
Tai Hayes,tai-hayes,GEN_FWD,260,247,232,232,-28
Jakob Ryan,jakob-ryan,GEN_DEF,240,237,232,232,-8
Luke Urquhart,luke-urquhart,MID,220,223,229,229,9
Harry Sharp,harry-sharp,GEN_FWD,229,228,229,229,0
Tom Cochrane,tom-cochrane,GEN_FWD,230,227,226,226,-4
Oscar Allen,oscar-allen,KEY_FWD,223,222,226,226,3
Lachlan Sholl,lachlan-sholl,MID,225,226,226,226,1
Hugh Bond,hugh-bond,GEN_DEF,210,215,223,223,13
Lucca Grego,lucca-grego,GEN_DEF,224,227,221,221,-3
Noah Howes,noah-howes,KEY_FWD,207,208,217,217,10
Nick Murray,nick-murray,KEY_DEF,217,220,216,216,-1
Taylor Walker,taylor-walker,KEY_FWD,216,215,215,215,-1
Ollie Murphy,ollie-murphy,KEY_DEF,205,210,214,214,9
Cooper Simpson,cooper-simpson,GEN_DEF,217,217,212,212,-5
Braeden Campbell,braeden-campbell,GEN_DEF,201,204,211,211,10
Beau McCreery,beau-mccreery,GEN_FWD,211,209,209,209,-2
Will Hayward,will-hayward,GEN_FWD,206,206,206,206,0
Jed Adams,jed-adams,KEY_DEF,196,200,205,205,9
Tew Jiath,tew-jiath,GEN_DEF,209,210,205,205,-4
Jacob Newton,jacob-newton,GEN_FWD,189,187,203,203,14
Toby Murray,toby-murray,KEY_FWD,167,177,186,202,35
Matt Duffy,matt-duffy,GEN_DEF,206,214,200,200,-6
Jack Higgins,jack-higgins,GEN_FWD,201,203,200,200,-1
Jack Henry,jack-henry,KEY_DEF,201,201,200,200,-1
Cameron Zurhaar,cameron-zurhaar,GEN_FWD,200,201,199,199,-1
Joel Amartey,joel-amartey,KEY_FWD,193,194,199,199,6
Tyler Welsh,tyler-welsh,KEY_FWD,203,199,198,198,-5
Darcy Moore,darcy-moore,KEY_DEF,200,198,198,198,-2
Toby McMullin,toby-mcmullin,GEN_FWD,199,196,196,196,-3
Bayley Fritsch,bayley-fritsch,GEN_FWD,194,195,196,196,2
Lennox Hoffman,lennox-hoffman,GEN_DEF,199,201,195,195,-4
Keighton Matofai-Forbes,keighton-matofai-forbes,GEN_DEF,196,199,192,192,-4
James Trezise,james-trezise,GEN_DEF,189,189,192,192,3
Jamarra Ugle-Hagan,jamarra-ugle-hagan,KEY_FWD,190,189,190,190,0
Patrick Said,patrick-said,GEN_FWD,185,179,190,190,5
Liam McMahon,liam-mcmahon,KEY_FWD,187,186,189,189,2
Zac Walker,zac-walker,GEN_DEF,194,191,188,188,-6
Rhys Unwin,rhys-unwin,GEN_FWD,183,177,188,188,5
Luke Lloyd,luke-lloyd,KEY_FWD,202,190,187,187,-15
Tom Lynch,tom-lynch-1,KEY_FWD,187,187,187,187,0
Robert Hansen,robert-hansen,GEN_FWD,195,191,186,186,-9
Cody Anderson,cody-anderson,GEN_FWD,179,173,184,184,5
Rob Monahan,rob-monahan,GEN_DEF,185,188,183,183,-2
Mitchell Knevitt,mitchell-knevitt,MID,188,183,183,183,-5
Todd Marshall,todd-marshall,KEY_FWD,174,181,182,182,8
Max Ramsden,max-ramsden,KEY_FWD,186,178,182,182,-4
River Stevens,river-stevens,GEN_FWD,175,169,180,180,5
Jaren Carr,jaren-carr,GEN_FWD,189,186,179,179,-10
Lewis Young,lewis-young,KEY_DEF,179,177,177,177,-2
Jack Carroll,jack-carroll,MID,176,179,177,177,1
Mitch Zadow,mitch-zadow,GEN_FWD,186,176,176,176,-10
Harry Perryman,harry-perryman,GEN_DEF,177,177,176,176,-1
Patrick Snell,patrick-snell,KEY_DEF,172,175,175,175,3
Nathan Wardius,nathan-wardius,GEN_FWD,161,160,175,175,14
Zac Fisher,zac-fisher,GEN_FWD,174,174,174,174,0
Billy Frampton,billy-frampton,KEY_DEF,173,174,172,172,-1
Eamonn Armstrong,eamonn-armstrong,GEN_DEF,174,177,171,171,-3
Harry Charleson,harry-charleson,GEN_DEF,174,177,171,171,-3
Riley Garcia,riley-garcia,GEN_FWD,168,172,168,168,0
Reece Torrent,reece-torrent,MID,161,162,167,167,6
Matt Hill,matt-hill,GEN_FWD,175,174,164,164,-11
Connor Budarick,connor-budarick,GEN_DEF,405,392,163,163,-242
Ollie Lord,ollie-lord,KEY_FWD,162,163,163,163,1
Esava Ratugolea,esava-ratugolea,KEY_DEF,161,160,160,160,-1
Tom Hanily,tom-hanily,GEN_FWD,163,153,158,158,-5
Mason Wood,mason-wood,GEN_FWD,157,157,157,157,0
Ricky Mentha,ricky-mentha,GEN_FWD,143,140,155,155,12
Benny Barrett,benny-barrett,GEN_FWD,143,140,155,155,12
Asher Eastham,asher-eastham,GEN_FWD,143,140,155,155,12
Jesse Motlop,jesse-motlop,GEN_FWD,175,163,154,154,-21
Will McLachlan,will-mclachlan,GEN_FWD,158,144,154,154,-4
Rhylee West,rhylee-west,GEN_FWD,157,156,153,153,-4
Zachary Williams,zachary-williams,GEN_DEF,471,153,152,152,-319
Harrison Petty,harrison-petty,KEY_DEF,197,145,148,148,-49
Corey Warner,corey-warner,GEN_FWD,150,141,147,147,-3
Max Heath,max-heath,RUC,141,141,141,141,0
Xavier Walsh,xavier-walsh,KEY_DEF,142,142,138,138,-4
Jake Stringer,jake-stringer,GEN_FWD,138,143,138,138,0
Griffin Logue,griffin-logue,KEY_DEF,137,136,136,136,-1
Henry Smith,henry-smith,KEY_FWD,137,135,133,133,-4
Campbell Lake,campbell-lake,GEN_FWD,149,133,130,127,-22
Cillian Burke,cillian-burke,GEN_DEF,130,131,125,125,-5
Jaeger O'Meara,jaeger-o-meara,MID,127,124,125,125,-2
Elliott Himmelberg,elliot-himmelberg,KEY_FWD,121,120,122,122,1
Eric Hipwood,eric-hipwood,KEY_FWD,118,119,119,119,1
Charlie Ballard,charlie-ballard,KEY_DEF,119,120,118,118,-1
Jack Bowes,jack-bowes,MID,116,118,118,118,2
Billy Dowling,billy-dowling,GEN_FWD,110,107,113,113,3
Paddy Dow,paddy-dow,MID,111,109,112,112,1
Stephen Coniglio,stephen-coniglio,MID,194,194,112,112,-82
Kye Annand,kye-annand,KEY_DEF,144,122,111,111,-33
Caleb Lewis,caleb-lewis,KEY_FWD,134,118,111,111,-23
Luke Pedlar,luke-pedlar,GEN_FWD,121,122,110,110,-11
Harvey Gallagher,harvey-gallagher,GEN_DEF,111,109,108,108,-3
Harry Edwards,harry-edwards,KEY_DEF,112,113,108,108,-4
Jeremy Sharp,jeremy-sharp,MID,104,105,108,108,4
Harrison Jones,harrison-jones,KEY_FWD,107,105,107,107,0
Angus Anderson,angus-anderson,MID,94,93,92,106,12
Oscar Adams,oscar-adams,GEN_DEF,105,108,106,106,1
Oscar Berry,oscar-berry,KEY_DEF,137,116,105,105,-32
Nick Vlastuin,nick-vlastuin,GEN_DEF,101,101,102,102,1
Kaleb Smith,kaleb-smith,GEN_DEF,97,98,98,98,1
Patrick Dangerfield,patrick-dangerfield,GEN_FWD,102,92,98,98,-4
Michael Frederick,michael-frederick,GEN_FWD,98,99,98,98,0
Liam O'Connell,liam-o-connell,GEN_DEF,101,91,97,97,-4
Bailey Macdonald,bailey-macdonald,GEN_DEF,99,96,97,97,-2
Cooper Harvey,cooper-harvey,GEN_FWD,94,91,97,97,3
Blake Acres,blake-acres,MID,98,98,97,97,-1
Hugo Hall-Kahan,hugo-hall-kahan,GEN_DEF,112,98,96,96,-16
Lukas Cooke,lukas-cooke,KEY_DEF,128,107,96,96,-32
Harrison Coe,harrison-coe,RUC,96,97,95,95,-1
Ryan Byrnes,ryan-byrnes,GEN_DEF,93,96,94,94,1
Lachlan Bramble,lachlan-bramble,GEN_FWD,93,94,93,93,0
Dougal Howard,dougal-howard,KEY_DEF,93,93,93,93,0
Malcolm Rosas,malcolm-rosas,GEN_FWD,92,95,93,93,1
Lachlan Jones,lachlan-jones,GEN_DEF,92,94,92,92,0
Tylar Young,tylar-young,KEY_DEF,90,91,91,91,1
Jacob Hopper,jacob-hopper,MID,93,90,91,91,-2
Sam Davidson,sam-davidson,GEN_FWD,92,90,90,90,-2
Harvey Harrison,harvey-harrison,GEN_FWD,87,84,90,90,3
Liam Puncher,liam-puncher,KEY_DEF,137,103,89,89,-48
Jai Serong,jai-serong,GEN_DEF,89,90,88,88,-1
Brandon Walker,brandon-walker,GEN_DEF,91,95,88,88,-3
Isaiah Dudley,isaiah-dudley,GEN_FWD,97,89,87,87,-10
Josh Goater,josh-goater,GEN_DEF,91,90,87,87,-4
Jack Scrimshaw,jack-scrimshaw,GEN_DEF,99,88,87,87,-12
Tom Blamires,tom-blamires,GEN_DEF,82,85,86,86,4
Michael Sellwood,michael-sellwood,GEN_DEF,94,90,93,86,-8
Jai Culley,jai-culley,MID,116,81,86,86,-30
Finlay Macrae,finlay-macrae,MID,87,79,86,86,-1
Sam Butler,sam-butler-1,GEN_FWD,87,94,84,84,-3
Maurice Rioli,maurice-rioli-1,GEN_FWD,87,85,84,84,-3
Shadeau Brain,shadeau-brain,GEN_DEF,85,86,83,83,-2
Darcy Fort,darcy-fort,RUC,83,82,83,83,0
Chayce Jones,chayce-jones,MID,83,80,83,83,0
Wade Derksen,wade-derksen,KEY_DEF,79,75,77,81,2
Lachlan Fogarty,lachlan-fogarty,GEN_FWD,79,77,79,79,0
Nick Haynes,nick-haynes,GEN_DEF,78,79,79,79,1
Judson Clarke,judson-clarke,GEN_FWD,77,76,78,78,1
James Tunstill,james-tunstill,MID,84,78,77,77,-7
Oliver Wiltshire,oliver-wiltshire,GEN_FWD,83,79,75,75,-8
Luke Cleary,luke-cleary,GEN_DEF,75,74,75,75,0
Caleb Graham,caleb-graham,KEY_DEF,77,77,75,75,-2
Jackson Archer,jackson-archer,GEN_DEF,75,76,74,74,-1
Buku Khamis,buku-khamis,KEY_DEF,92,74,74,74,-18
Steele Sidebottom,steele-sidebottom,MID,73,70,74,74,1
Oliver Henry,oliver-henry,GEN_FWD,85,86,73,73,-12
Jack Martin,jack-martin,GEN_FWD,82,87,73,73,-9
Taylor Adams,taylor-adams,GEN_FWD,72,71,72,72,0
Bobby Hill,bobby-hill,GEN_FWD,73,72,72,72,-1
Billy Cootee,billy-cootee,MID,82,75,70,70,-12
Joel Fitzgerald,joel-fitzgerald,MID,93,72,70,70,-23
Conor Stone,conor-stone,GEN_DEF,73,70,70,70,-3
Lachlan Weller,lachlan-weller,MID,67,66,67,67,0
Bruce Reville,bruce-reville,MID,66,64,65,65,-1
Paddy Cross,paddy-cross,GEN_FWD,61,55,58,65,4
Daniel McStay,daniel-mcstay,KEY_FWD,65,65,65,65,0
Callum Ah Chee,callum-ah-chee,GEN_FWD,71,71,65,65,-6
Andy Moniz-Wakefield,andy-moniz-wakefield,GEN_DEF,68,65,64,64,-4
Liam Henry,liam-henry,GEN_FWD,70,70,64,64,-6
Francis Evans,francis-evans,GEN_FWD,65,63,63,63,-2
Aidan Johnson,aidan-johnson,KEY_FWD,73,66,62,62,-11
Mykelti Lefau,mykelti-lefau,KEY_FWD,57,58,59,59,2
Jackson Mead,jackson-mead,GEN_FWD,62,56,59,59,-3
Toby Pink,toby-pink,KEY_DEF,58,60,59,59,1
Tom Edwards,tom-edwards,KEY_FWD,58,58,58,58,0
Reef McInnes,reef-mcinnes,KEY_DEF,58,67,58,58,0
Bailey Laurie,bailey-laurie,GEN_FWD,60,65,58,58,-2
Rhyan Mansell,rhyan-mansell,GEN_FWD,57,55,58,58,1
Jack Hutchinson,jack-hutchinson,MID,58,52,57,57,-1
Lewis Melican,lewis-melican,KEY_DEF,57,58,57,57,0
Hugo Ralphsmith,hugo-ralphsmith,MID,57,57,55,55,-2
Zac Banch,zac-banch,GEN_FWD,67,59,54,54,-13
Luke McDonald,luke-mcdonald,GEN_DEF,54,54,54,54,0
Tyler Brockman,tyler-brockman,GEN_FWD,52,49,53,53,1
Sam Switkowski,sam-switkowski,GEN_FWD,51,51,51,51,0
Callum Coleman-Jones,callum-coleman-jones,KEY_FWD,35,50,51,51,16
Ewan Mackinlay,ewan-mackinlay,GEN_FWD,49,45,50,50,1
Hunter Clark,hunter-clark,GEN_DEF,50,51,49,49,-1
Isaac Cumming,isaac-cumming,GEN_DEF,48,48,48,48,0
Oscar McDonald,oscar-mcdonald,KEY_DEF,48,48,48,48,0
Corey Durdin,corey-durdin,GEN_FWD,44,43,46,46,2
Matt Cottrell,matt-cottrell,MID,46,46,46,46,0
Jake Melksham,jake-melksham,KEY_FWD,43,44,44,44,1
Harry Schoenberg,harry-schoenberg,MID,45,41,44,44,-1
Max Beattie,max-beattie,GEN_FWD,62,39,43,43,-19
Sam Sturt,sam-sturt,GEN_FWD,51,51,43,43,-8
Mani Liddy,mani-liddy,MID,43,39,42,42,-1
Jake Lloyd,jake-lloyd,GEN_DEF,42,42,42,42,0
Nicholas Coffield,nicholas-coffield,GEN_DEF,44,42,42,42,-2
Corey Wagner,corey-wagner,GEN_DEF,42,42,41,41,-1
Tim Membrey,tim-membrey,KEY_FWD,41,41,41,41,0
Jade Gresham,jade-gresham,GEN_FWD,47,48,40,40,-7
Wil Parker,wil-parker,GEN_DEF,35,39,37,37,2
Jack Buller,jack-buller,KEY_FWD,36,36,37,37,1
Aidan Corr,aidan-corr,KEY_DEF,34,35,36,36,2
James Jordon,james-jordon,MID,35,36,36,36,1
Jamie Elliott,jamie-elliott,GEN_FWD,35,35,35,35,0
Brandon Starcevich,brandon-starcevich,GEN_DEF,36,35,35,35,-1
Ben McKay,ben-mckay,KEY_DEF,32,33,34,34,2
Darcy Gardiner,darcy-gardiner,KEY_DEF,31,32,33,33,2
Xavier O'Halloran,xavier-o-halloran,GEN_FWD,35,38,33,33,-2
Liam Stocker,liam-stocker,GEN_DEF,35,34,33,33,-2
Brody Mihocek,brody-mihocek,KEY_FWD,32,32,32,32,0
Rhys Stanley,rhys-stanley,RUC,30,30,30,30,0
Marcus Herbert,marcus-herbert,GEN_DEF,36,29,29,29,-7
Finn Maginness,finn-maginness,GEN_FWD,28,29,29,29,1
Charlie Spargo,charlie-spargo,GEN_FWD,28,29,29,29,1
Jamie Cripps,jamie-cripps,GEN_FWD,27,28,28,28,1
Alex Pearce,alex-pearce,KEY_DEF,27,28,28,28,1
Liam Ryan,liam-ryan,GEN_FWD,27,27,27,27,0
Lincoln McCarthy,lincoln-mccarthy,GEN_FWD,27,27,27,27,0
Jake Kolodjashnij,jake-kolodjashnij,KEY_DEF,27,27,27,27,0
Jy Farrar,jy-farrar,KEY_FWD,27,28,27,27,0
Changkuoth Jiath,changkuoth-jiath,GEN_DEF,27,27,27,27,0
Bailey Scott,bailey-scott,MID,25,25,26,26,1
Joel Hamling,joel-hamling,KEY_DEF,25,26,26,26,1
Ben Long,ben-long,GEN_FWD,26,26,26,26,0
Laitham Vandermeer,laitham-vandermeer,GEN_FWD,26,26,26,26,0
Tom Cole,tom-cole,GEN_DEF,26,26,25,25,-1
Oskar Baker,oskar-baker,GEN_FWD,25,25,25,25,0
Bradley Close,bradley-close,GEN_FWD,24,24,24,24,0
Noah Answerth,noah-answerth,GEN_DEF,24,24,23,23,-1
Lachlan Blakiston,lachlan-blakiston,KEY_DEF,19,22,22,22,3
Sam Wicks,sam-wicks,GEN_DEF,22,23,22,22,0
Ryan Gardner,ryan-gardner,KEY_DEF,22,22,22,22,0
Harry Morrison,harry-morrison,MID,21,21,22,22,1
Nicholas Holman,nicholas-holman,GEN_FWD,22,21,22,22,0
Mitch McGovern,mitch-mcgovern,GEN_DEF,22,22,21,21,-1
Saad El-Hawli,saad-el-hawli,GEN_DEF,20,20,20,20,0
Lachlan McNeil,lachlan-mcneil,GEN_FWD,19,19,20,20,1
Matt Guelfi,matt-guelfi,GEN_FWD,20,19,19,19,-1
Daniel Butler,daniel-butler,GEN_FWD,19,18,19,19,0
Jed Bews,jed-bews,GEN_DEF,19,20,19,19,0
Ben Jepson,ben-jepson,MID,21,19,18,18,-3
Luke Beecken,luke-beecken,MID,30,19,18,18,-12
Callum M. Brown,callum-brown-ire,GEN_FWD,19,18,18,18,-1
Jacob Wehr,jacob-wehr,GEN_DEF,18,17,16,16,-2
Roan Steele,roan-steele,MID,15,15,15,15,0
Mark O'Connor,mark-o-connor,GEN_DEF,15,15,15,15,0
Flynn Perez,flynn-perez,GEN_DEF,16,14,14,14,-2
Will Lewis,will-lewis,KEY_FWD,14,14,14,14,0
Jordon Butts,jordon-butts,KEY_DEF,14,15,14,14,0
Oisin Mullin,oisin-mullin,GEN_DEF,13,13,12,12,-1
Conor McKenna,conor-mckenna,GEN_FWD,12,12,12,12,0
Dane Rampe,dane-rampe,GEN_DEF,12,12,12,12,0
Flynn Young,flynn-young,GEN_FWD,11,10,10,10,-1
Jordan Boyd,jordan-boyd,GEN_DEF,10,10,10,10,0
Nathan Broad,nathan-broad,GEN_DEF,10,9,9,9,-1
Mark Blicavs,mark-blicavs,MID,10,9,9,9,-1
Zak Evans,zak-evans,MID,8,8,8,8,0
James Blanck,james-blanck,KEY_DEF,9,8,8,8,-1
Darragh Joyce,darragh-joyce,KEY_DEF,8,9,8,8,0
Bailey Banfield,bailey-banfield,GEN_DEF,6,6,6,6,0
Mitch Podhajski,mitch-podhajski,KEY_FWD,5,5,5,5,0
Jack Henderson,jack-henderson,GEN_FWD,8,7,5,5,-3
Nick Driscoll,nick-driscoll,MID,3,3,3,3,0
Leon Kickett,leon-kickett,GEN_FWD,7,7,3,3,-4
Harry Cunningham,harry-cunningham,GEN_DEF,3,3,3,3,0
Riley Onley,riley-onley,MID,2,2,2,2,0
Fred Rodriguez,fred-rodriguez,MID,2,2,2,2,0
Matt Owies,matt-owies,GEN_FWD,2,2,2,2,0
Jack Watkins,jack-watkins,MID,8,1,1,1,-7
Lachie Sullivan,lachie-sullivan,GEN_FWD,1,2,1,1,0
Mason Cox,mason-cox,KEY_FWD,1,1,1,1,0
