key,old_scar,new_scar,delta_pct,cause
riley-onley,2,496,24700.0,dob-age (NAMED)
fred-rodriguez,3,522,17300.0,dob-age (NAMED)
nick-driscoll,5,571,11320.0,dob-age (NAMED)
leon-kickett,4,408,10100.0,dob-age (NAMED)
lachlan-mcandrew,1039,1191,14.629,dob-age + entry-switch (NAMED)
mark-keane,1636,1648,0.733,entry-switch (NAMED)
taylor-adams,75,,,retirement (NAMED)
mitch-podhajski,5,34,580.0,derived / load-time-refit ripple
james-blanck,8,26,225.0,derived / load-time-refit ripple
harrison-coe,102,272,166.667,derived / load-time-refit ripple
luke-beecken,17,45,164.706,derived / load-time-refit ripple
jack-buller,36,83,130.556,derived / load-time-refit ripple
max-beattie,32,69,115.625,derived / load-time-refit ripple
liam-puncher,96,194,102.083,derived / load-time-refit ripple
joel-fitzgerald,66,129,95.455,derived / load-time-refit ripple
caleb-lewis,119,232,94.958,derived / load-time-refit ripple
lukas-cooke,104,202,94.231,derived / load-time-refit ripple
marcus-herbert,26,46,76.923,derived / load-time-refit ripple
flynn-young,8,14,75.0,derived / load-time-refit ripple
kye-annand,119,207,73.95,derived / load-time-refit ripple
roan-steele,15,26,73.333,derived / load-time-refit ripple
ewan-mackinlay,35,60,71.429,derived / load-time-refit ripple
mani-liddy,35,60,71.429,derived / load-time-refit ripple
zac-banch,45,73,62.222,derived / load-time-refit ripple
jack-hutchinson,53,84,58.491,derived / load-time-refit ripple
campbell-lake,111,166,49.55,derived / load-time-refit ripple
toby-murray,200,294,47.0,derived / load-time-refit ripple
wade-derksen,86,123,43.023,derived / load-time-refit ripple
hugo-hall-kahan,92,125,35.87,derived / load-time-refit ripple
will-mclachlan,133,175,31.579,derived / load-time-refit ripple
noah-howes,221,289,30.769,derived / load-time-refit ripple
max-ramsden,181,234,29.282,derived / load-time-refit ripple
robert-hansen,161,208,29.193,derived / load-time-refit ripple
tom-hanily,137,175,27.737,derived / load-time-refit ripple
louis-emmett,1177,872,-25.913,derived / load-time-refit ripple
jack-henderson,4,5,25.0,derived / load-time-refit ripple
archie-may,399,488,22.306,derived / load-time-refit ripple
oscar-berry,108,129,19.444,derived / load-time-refit ripple
michael-sellwood,78,93,19.231,derived / load-time-refit ripple
luker-kentfield,321,382,19.003,derived / load-time-refit ripple
lachlan-blakiston,23,27,17.391,derived / load-time-refit ripple
campbell-gray,245,287,17.143,derived / load-time-refit ripple
ollie-greeves,435,493,13.333,derived / load-time-refit ripple
jesse-motlop,156,176,12.821,derived / load-time-refit ripple
tom-blamires,87,76,-12.644,derived / load-time-refit ripple
corey-warner,151,170,12.583,derived / load-time-refit ripple
luke-kennedy,397,444,11.839,derived / load-time-refit ripple
ben-jepson,17,19,11.765,derived / load-time-refit ripple
callum-brown-ire,17,19,11.765,derived / load-time-refit ripple
mark-blicavs,9,10,11.111,derived / load-time-refit ripple
saad-el-hawli,19,21,10.526,derived / load-time-refit ripple
jordan-boyd,10,11,10.0,derived / load-time-refit ripple
josaia-delana,243,219,-9.877,derived / load-time-refit ripple
billy-cootee,83,91,9.639,derived / load-time-refit ripple
jacob-wehr,21,23,9.524,derived / load-time-refit ripple
zac-walker,177,161,-9.04,derived / load-time-refit ripple
jacob-newton,145,158,8.966,derived / load-time-refit ripple
toby-mcmullin,197,214,8.629,derived / load-time-refit ripple
massimo-d-ambrosio,1853,1698,-8.365,derived / load-time-refit ripple
nathan-broad,12,13,8.333,derived / load-time-refit ripple
dane-rampe,12,13,8.333,derived / load-time-refit ripple
aidan-johnson,84,91,8.333,derived / load-time-refit ripple
jai-newcombe,4495,4126,-8.209,derived / load-time-refit ripple
george-stevens,356,385,8.146,derived / load-time-refit ripple
jackson-mead,62,67,8.065,derived / load-time-refit ripple
jai-culley,83,77,-7.229,derived / load-time-refit ripple
jordon-butts,14,15,7.143,derived / load-time-refit ripple
sam-durham,1615,1500,-7.121,derived / load-time-refit ripple
mark-o-connor,15,16,6.667,derived / load-time-refit ripple
riley-garcia,155,165,6.452,derived / load-time-refit ripple
kalani-white,298,280,-6.04,derived / load-time-refit ripple
liam-hetherton,227,214,-5.727,derived / load-time-refit ripple
john-noble,2683,2531,-5.665,derived / load-time-refit ripple
liam-fawcett,537,567,5.587,derived / load-time-refit ripple
tom-mccarthy,1639,1549,-5.491,derived / load-time-refit ripple
tai-hayes,292,308,5.479,derived / load-time-refit ripple
harrison-jones,112,118,5.357,derived / load-time-refit ripple
jack-carroll,192,182,-5.208,derived / load-time-refit ripple
james-peatling,1291,1224,-5.19,derived / load-time-refit ripple
rhyan-mansell,59,62,5.085,derived / load-time-refit ripple
max-gruzewski,435,457,5.057,derived / load-time-refit ripple
harry-edwards,99,104,5.051,derived / load-time-refit ripple
daniel-butler,20,21,5.0,derived / load-time-refit ripple
lachlan-mcneil,20,21,5.0,derived / load-time-refit ripple
asher-eastham,222,211,-4.955,derived / load-time-refit ripple
oliver-wiltshire,101,106,4.95,derived / load-time-refit ripple
riley-bice,452,430,-4.867,derived / load-time-refit ripple
ryda-luke,249,237,-4.819,derived / load-time-refit ripple
jai-saxena,249,237,-4.819,derived / load-time-refit ripple
toby-whan,249,237,-4.819,derived / load-time-refit ripple
benny-barrett,148,141,-4.73,derived / load-time-refit ripple
ricky-mentha,148,141,-4.73,derived / load-time-refit ripple
noah-chamberlain,170,162,-4.706,derived / load-time-refit ripple
brady-hough,385,367,-4.675,derived / load-time-refit ripple
xavier-bamert,279,292,4.659,derived / load-time-refit ripple
max-hall,1980,1889,-4.596,derived / load-time-refit ripple
josh-goater,109,104,-4.587,derived / load-time-refit ripple
zac-taylor,396,378,-4.545,derived / load-time-refit ripple
jacob-moss,287,300,4.53,derived / load-time-refit ripple
zane-duursma,786,821,4.453,derived / load-time-refit ripple
mitch-zadow,161,168,4.348,derived / load-time-refit ripple
brandon-walker,94,98,4.255,derived / load-time-refit ripple
esava-ratugolea,94,90,-4.255,derived / load-time-refit ripple
connor-idun,2120,2030,-4.245,derived / load-time-refit ripple
ollie-lord,165,172,4.242,derived / load-time-refit ripple
cooper-sharman,547,570,4.205,derived / load-time-refit ripple
jasper-alger,333,347,4.204,derived / load-time-refit ripple
matt-duffy,192,200,4.167,derived / load-time-refit ripple
matt-cottrell,48,50,4.167,derived / load-time-refit ripple
charlie-edwards,700,729,4.143,derived / load-time-refit ripple
harvey-johnston,292,280,-4.11,derived / load-time-refit ripple
bradley-close,25,26,4.0,derived / load-time-refit ripple
ned-moyle,1697,1630,-3.948,derived / load-time-refit ripple
patrick-dangerfield,102,106,3.922,derived / load-time-refit ripple
xavier-walsh,233,224,-3.863,derived / load-time-refit ripple
harrison-ramm,312,324,3.846,derived / load-time-refit ripple
matt-guelfi,26,27,3.846,derived / load-time-refit ripple
patrick-retschko,838,870,3.819,derived / load-time-refit ripple
tyler-brockman,53,55,3.774,derived / load-time-refit ripple
wil-dawson,539,519,-3.711,derived / load-time-refit ripple
lincoln-mccarthy,27,28,3.704,derived / load-time-refit ripple
jaren-carr,245,254,3.673,derived / load-time-refit ripple
oliver-francou,409,424,3.667,derived / load-time-refit ripple
will-hayes-b,328,316,-3.659,derived / load-time-refit ripple
max-kondogiannis,575,554,-3.652,derived / load-time-refit ripple
harry-morrison,28,29,3.571,derived / load-time-refit ripple
maurice-rioli-1,85,88,3.529,derived / load-time-refit ripple
cody-curtin,713,738,3.506,derived / load-time-refit ripple
cody-weightman,289,299,3.46,derived / load-time-refit ripple
malcolm-rosas,87,90,3.448,derived / load-time-refit ripple
talor-byrne,532,550,3.383,derived / load-time-refit ripple
sam-davidson,90,93,3.333,derived / load-time-refit ripple
sam-banks,967,935,-3.309,derived / load-time-refit ripple
cillian-burke,121,125,3.306,derived / load-time-refit ripple
james-trezise,184,190,3.261,derived / load-time-refit ripple
leek-aleer,339,350,3.245,derived / load-time-refit ripple
tom-cole,31,30,-3.226,derived / load-time-refit ripple
noah-answerth,31,32,3.226,derived / load-time-refit ripple
lance-collard,288,279,-3.125,derived / load-time-refit ripple
charlie-west,449,463,3.118,derived / load-time-refit ripple
kai-lohmann,483,498,3.106,derived / load-time-refit ripple
nikolas-cox,423,436,3.073,derived / load-time-refit ripple
francis-evans,66,68,3.03,derived / load-time-refit ripple
harry-sharp,231,224,-3.03,derived / load-time-refit ripple
bailey-scott,33,34,3.03,derived / load-time-refit ripple
dylan-moore,1500,1545,3.0,derived / load-time-refit ripple
cooper-trembath,1578,1531,-2.978,derived / load-time-refit ripple
jordan-de-goey,1701,1652,-2.881,derived / load-time-refit ripple
lawson-humphries,1892,1838,-2.854,derived / load-time-refit ripple
tew-jiath,247,240,-2.834,derived / load-time-refit ripple
michael-frederick,106,103,-2.83,derived / load-time-refit ripple
josh-sinn,357,367,2.801,derived / load-time-refit ripple
reece-torrent,216,222,2.778,derived / load-time-refit ripple
arthur-jones,254,247,-2.756,derived / load-time-refit ripple
cooper-simpson,255,248,-2.745,derived / load-time-refit ripple
jake-stringer,147,143,-2.721,derived / load-time-refit ripple
joel-hamling,37,36,-2.703,derived / load-time-refit ripple
jack-williams,561,576,2.674,derived / load-time-refit ripple
riak-andrew,337,346,2.671,derived / load-time-refit ripple
archie-perkins,301,309,2.658,derived / load-time-refit ripple
will-lorenz,414,425,2.657,derived / load-time-refit ripple
bobby-hill,76,78,2.632,derived / load-time-refit ripple
jake-kolodjashnij,38,37,-2.632,derived / load-time-refit ripple
dante-visentini,762,782,2.625,derived / load-time-refit ripple
buku-khamis,77,79,2.597,derived / load-time-refit ripple
keighton-matofai-forbes,270,277,2.593,derived / load-time-refit ripple
noah-long,272,279,2.574,derived / load-time-refit ripple
alex-pearce,39,38,-2.564,derived / load-time-refit ripple
josh-lai,352,361,2.557,derived / load-time-refit ripple
charlie-cameron,281,288,2.491,derived / load-time-refit ripple
mitchell-knevitt,201,206,2.488,derived / load-time-refit ripple
judd-mcvee,284,277,-2.465,derived / load-time-refit ripple
liam-stocker,41,40,-2.439,derived / load-time-refit ripple
toby-pink,41,42,2.439,derived / load-time-refit ripple
angus-anderson,124,127,2.419,derived / load-time-refit ripple
max-king-stk,381,390,2.362,derived / load-time-refit ripple
samson-ryan,636,651,2.358,derived / load-time-refit ripple
jake-lloyd,43,44,2.326,derived / load-time-refit ripple
isaiah-dudley,88,90,2.273,derived / load-time-refit ripple
luke-cleary,91,93,2.198,derived / load-time-refit ripple
caiden-cleary,779,762,-2.182,derived / load-time-refit ripple
judson-clarke,92,94,2.174,derived / load-time-refit ripple
nick-madden,1521,1554,2.17,derived / load-time-refit ripple
avery-thomas,561,549,-2.139,derived / load-time-refit ripple
jakob-ryan,281,275,-2.135,derived / load-time-refit ripple
darcy-gardiner,47,46,-2.128,derived / load-time-refit ripple
tylar-young,95,97,2.105,derived / load-time-refit ripple
sam-cumming,2186,2232,2.104,derived / load-time-refit ripple
jayden-nguyen,428,437,2.103,derived / load-time-refit ripple
josh-gibcus,286,292,2.098,derived / load-time-refit ripple
hugh-bond,239,234,-2.092,derived / load-time-refit ripple
caleb-windsor,1696,1731,2.064,derived / load-time-refit ripple
oscar-ryan,293,287,-2.048,derived / load-time-refit ripple
luke-urquhart,294,300,2.041,derived / load-time-refit ripple
daniel-annable,2020,2061,2.03,derived / load-time-refit ripple
steele-sidebottom,99,101,2.02,derived / load-time-refit ripple
cooper-lord,396,404,2.02,derived / load-time-refit ripple
isaac-kako,1641,1608,-2.011,derived / load-time-refit ripple
patrick-said,201,205,1.99,derived / load-time-refit ripple
isaac-quaynor,514,524,1.946,derived / load-time-refit ripple
cameron-zurhaar,207,211,1.932,derived / load-time-refit ripple
josh-smillie,1301,1326,1.922,derived / load-time-refit ripple
dan-houston,1253,1277,1.915,derived / load-time-refit ripple
zachary-williams,157,160,1.911,derived / load-time-refit ripple
connor-budarick,158,161,1.899,derived / load-time-refit ripple
sam-switkowski,53,54,1.887,derived / load-time-refit ripple
tyson-stengle,266,271,1.88,derived / load-time-refit ripple
milan-murdock,860,876,1.86,derived / load-time-refit ripple
daniel-turner,1686,1655,-1.839,derived / load-time-refit ripple
finlay-macrae,109,111,1.835,derived / load-time-refit ripple
lennox-hoffman,273,278,1.832,derived / load-time-refit ripple
eamonn-armstrong,164,161,-1.829,derived / load-time-refit ripple
beau-mccreery,219,215,-1.826,derived / load-time-refit ripple
hunter-clark,55,54,-1.818,derived / load-time-refit ripple
karl-worner,606,617,1.815,derived / load-time-refit ripple
matthew-leray,498,507,1.807,derived / load-time-refit ripple
oscar-adams,111,113,1.802,derived / load-time-refit ripple
chayce-jones,111,113,1.802,derived / load-time-refit ripple
nick-murray,224,228,1.786,derived / load-time-refit ripple
ben-king,393,386,-1.781,derived / load-time-refit ripple
steely-green,282,277,-1.773,derived / load-time-refit ripple
jeremy-sharp,113,115,1.77,derived / load-time-refit ripple
luke-ryan,1698,1728,1.767,derived / load-time-refit ripple
jai-murray,1197,1218,1.754,derived / load-time-refit ripple
matt-carroll,970,987,1.753,derived / load-time-refit ripple
seth-campbell,1090,1071,-1.743,derived / load-time-refit ripple
hugo-ralphsmith,58,59,1.724,derived / load-time-refit ripple
lachlan-sholl,234,238,1.709,derived / load-time-refit ripple
kade-chandler,1059,1077,1.7,derived / load-time-refit ripple
jagga-smith,3192,3138,-1.692,derived / load-time-refit ripple
cooper-duff-tytler,1896,1864,-1.688,derived / load-time-refit ripple
lewis-melican,60,61,1.667,derived / load-time-refit ripple
mykelti-lefau,60,61,1.667,derived / load-time-refit ripple
mitchell-hinge,480,488,1.667,derived / load-time-refit ripple
joe-berry,1331,1353,1.653,derived / load-time-refit ripple
zach-guthrie,485,493,1.649,derived / load-time-refit ripple
tom-papley,485,493,1.649,derived / load-time-refit ripple
max-michalanney,608,598,-1.645,derived / load-time-refit ripple
jacob-hopper,122,124,1.639,derived / load-time-refit ripple
kaleb-smith,122,124,1.639,derived / load-time-refit ripple
tom-atkins,305,310,1.639,derived / load-time-refit ripple
dylan-stephens,366,360,-1.639,derived / load-time-refit ripple
harry-o-farrell,855,841,-1.637,derived / load-time-refit ripple
toby-bedford,246,250,1.626,derived / load-time-refit ripple
jack-sinclair,3140,3191,1.624,derived / load-time-refit ripple
jesse-mellor,308,303,-1.623,derived / load-time-refit ripple
angus-hastie,310,305,-1.613,derived / load-time-refit ripple
thomas-anastasopoulos,311,306,-1.608,derived / load-time-refit ripple
james-barrat,437,430,-1.602,derived / load-time-refit ripple
samuel-grlj,2570,2611,1.595,derived / load-time-refit ripple
hugh-davies,315,310,-1.587,derived / load-time-refit ripple
bruce-reville,64,65,1.562,derived / load-time-refit ripple
brandon-zerk-thatcher,257,261,1.556,derived / load-time-refit ripple
river-stevens,193,196,1.554,derived / load-time-refit ripple
elijah-tsatas,1240,1221,-1.532,derived / load-time-refit ripple
cody-anderson,196,199,1.531,derived / load-time-refit ripple
hamish-davis,982,997,1.527,derived / load-time-refit ripple
liam-baker,657,667,1.522,derived / load-time-refit ripple
nic-newman,920,934,1.522,derived / load-time-refit ripple
jayden-short,1580,1604,1.519,derived / load-time-refit ripple
adam-saad,664,674,1.506,derived / load-time-refit ripple
lloyd-meek,931,945,1.504,derived / load-time-refit ripple
harry-charleson,266,262,-1.504,derived / load-time-refit ripple
rhys-unwin,200,203,1.5,derived / load-time-refit ripple
bodhi-uwland,3176,3223,1.48,derived / load-time-refit ripple
joseph-fonti,749,738,-1.469,derived / load-time-refit ripple
kobe-mcdonald,274,270,-1.46,derived / load-time-refit ripple
ben-murphy,274,270,-1.46,derived / load-time-refit ripple
indy-cotton,274,270,-1.46,derived / load-time-refit ripple
balyn-o-brien,274,270,-1.46,derived / load-time-refit ripple
rory-laird,964,978,1.452,derived / load-time-refit ripple
jedd-busslinger,760,749,-1.447,derived / load-time-refit ripple
jack-crisp,623,632,1.445,derived / load-time-refit ripple
beau-addinsall,1112,1128,1.439,derived / load-time-refit ripple
phoenix-gothard,419,413,-1.432,derived / load-time-refit ripple
nicholas-martin,2935,2977,1.431,derived / load-time-refit ripple
tristan-xerri,6649,6744,1.429,derived / load-time-refit ripple
jed-adams,280,276,-1.429,derived / load-time-refit ripple
oliver-hayes-brown,350,355,1.429,derived / load-time-refit ripple
luke-pedlar,141,139,-1.418,derived / load-time-refit ripple
lachie-neale,1907,1934,1.416,derived / load-time-refit ripple
noah-mraz,425,419,-1.412,derived / load-time-refit ripple
sullivan-robey,2224,2255,1.394,derived / load-time-refit ripple
matthew-jefferson,578,586,1.384,derived / load-time-refit ripple
jack-whitlock,1302,1284,-1.382,derived / load-time-refit ripple
jack-dalton,583,575,-1.372,derived / load-time-refit ripple
matt-hill,147,149,1.361,derived / load-time-refit ripple
ollie-murphy,296,292,-1.351,derived / load-time-refit ripple
reilly-o-brien,816,827,1.348,derived / load-time-refit ripple
ryan-maric,1269,1252,-1.34,derived / load-time-refit ripple
tom-de-koning,1719,1696,-1.338,derived / load-time-refit ripple
lucas-camporeale,303,307,1.32,derived / load-time-refit ripple
cillian-bourke,380,385,1.316,derived / load-time-refit ripple
josh-rachele,1910,1885,-1.309,derived / load-time-refit ripple
jaxon-prior,307,303,-1.303,derived / load-time-refit ripple
jake-rogers,616,624,1.299,derived / load-time-refit ripple
oliver-griffin,234,237,1.282,derived / load-time-refit ripple
nathan-wardius,156,154,-1.282,derived / load-time-refit ripple
tyrell-dewar,314,310,-1.274,derived / load-time-refit ripple
caleb-graham,79,80,1.266,derived / load-time-refit ripple
nick-watson,3720,3767,1.263,derived / load-time-refit ripple
peter-ladhams,477,483,1.258,derived / load-time-refit ripple
rowan-marshall,638,646,1.254,derived / load-time-refit ripple
rhylee-west,160,162,1.25,derived / load-time-refit ripple
jarrod-witts,400,405,1.25,derived / load-time-refit ripple
shadeau-brain,80,79,-1.25,derived / load-time-refit ripple
keidean-coleman,644,652,1.242,derived / load-time-refit ripple
reef-mcinnes,81,80,-1.235,derived / load-time-refit ripple
blake-thredgold,567,560,-1.235,derived / load-time-refit ripple
josh-treacy,6297,6374,1.223,derived / load-time-refit ripple
lachlan-weller,82,83,1.22,derived / load-time-refit ripple
sam-marshall,1150,1164,1.217,derived / load-time-refit ripple
dylan-patterson,992,980,-1.21,derived / load-time-refit ripple
liam-duggan,415,420,1.205,derived / load-time-refit ripple
lachlan-fogarty,83,84,1.205,derived / load-time-refit ripple
ben-miller,1249,1234,-1.201,derived / load-time-refit ripple
paul-curtis,1420,1437,1.197,derived / load-time-refit ripple
jack-ginnivan,1844,1866,1.193,derived / load-time-refit ripple
liam-henry,84,83,-1.19,derived / load-time-refit ripple
lachlan-gulbin,341,345,1.173,derived / load-time-refit ripple
bodie-ryan,342,346,1.17,derived / load-time-refit ripple
ned-long,945,956,1.164,derived / load-time-refit ripple
jordon-sweet,2149,2174,1.163,derived / load-time-refit ripple
kye-fincher,517,523,1.161,derived / load-time-refit ripple
archer-day-wicks,432,427,-1.157,derived / load-time-refit ripple
darcy-fort,87,88,1.149,derived / load-time-refit ripple
rob-monahan,175,177,1.143,derived / load-time-refit ripple
max-gawn,2538,2509,-1.143,derived / load-time-refit ripple
noah-roberts-thomson,438,443,1.142,derived / load-time-refit ripple
harvey-langford,2574,2603,1.127,derived / load-time-refit ripple
dayne-zorko,1170,1157,-1.111,derived / load-time-refit ripple
riley-hamilton,361,357,-1.108,derived / load-time-refit ripple
timothy-english,3349,3386,1.105,derived / load-time-refit ripple
cody-angove,636,643,1.101,derived / load-time-refit ripple
harvey-thomas,2456,2483,1.099,derived / load-time-refit ripple
chris-scerri,366,362,-1.093,derived / load-time-refit ripple
jack-scrimshaw,92,91,-1.087,derived / load-time-refit ripple
harley-barker,743,751,1.077,derived / load-time-refit ripple
luke-trainor,1493,1477,-1.072,derived / load-time-refit ripple
xavier-duursma,280,283,1.071,derived / load-time-refit ripple
lewis-hayes,377,373,-1.061,derived / load-time-refit ripple
sandy-brock,378,374,-1.058,derived / load-time-refit ripple
billy-wilson,285,282,-1.053,derived / load-time-refit ripple
jacob-konstanty,380,384,1.053,derived / load-time-refit ripple
oscar-allen,190,188,-1.053,derived / load-time-refit ripple
joel-freijah,2282,2306,1.052,derived / load-time-refit ripple
jaxon-artemis,381,385,1.05,derived / load-time-refit ripple
edward-allan,762,754,-1.05,derived / load-time-refit ripple
james-tunstill,96,95,-1.042,derived / load-time-refit ripple
lachlan-jones,96,97,1.042,derived / load-time-refit ripple
harry-demattia,481,486,1.04,derived / load-time-refit ripple
ryan-byrnes,97,98,1.031,derived / load-time-refit ripple
lachlan-bramble,97,98,1.031,derived / load-time-refit ripple
ned-reeves,389,393,1.028,derived / load-time-refit ripple
daniel-curtin,2243,2266,1.025,derived / load-time-refit ripple
jamarra-ugle-hagan,196,198,1.02,derived / load-time-refit ripple
dougal-howard,99,98,-1.01,derived / load-time-refit ripple
lachlan-smith,693,700,1.01,derived / load-time-refit ripple
conor-nash,298,301,1.007,derived / load-time-refit ripple
tyler-sonsie,796,788,-1.005,derived / load-time-refit ripple
charlie-banfield,803,795,-0.996,derived / load-time-refit ripple
bailey-dale,2009,1989,-0.996,derived / load-time-refit ripple
jeremy-howe,302,299,-0.993,derived / load-time-refit ripple
jesse-hogan,404,408,0.99,derived / load-time-refit ripple
taylor-goad,818,826,0.978,derived / load-time-refit ripple
cooper-harvey,103,104,0.971,derived / load-time-refit ripple
jake-riccardi,312,309,-0.962,derived / load-time-refit ripple
logan-evans,1256,1244,-0.955,derived / load-time-refit ripple
jack-ough,424,420,-0.943,derived / load-time-refit ripple
ty-gallop,1168,1157,-0.942,derived / load-time-refit ripple
ollie-dempsey,1815,1832,0.937,derived / load-time-refit ripple
eric-hipwood,107,106,-0.935,derived / load-time-refit ripple
elijah-hollands,970,961,-0.928,derived / load-time-refit ripple
brennan-cox,539,534,-0.928,derived / load-time-refit ripple
lachlan-carmichael,650,644,-0.923,derived / load-time-refit ripple
samuel-swadling,651,645,-0.922,derived / load-time-refit ripple
sam-draper,657,663,0.913,derived / load-time-refit ripple
shaun-mannagh,551,556,0.907,derived / load-time-refit ripple
lachlan-cowan,666,660,-0.901,derived / load-time-refit ripple
thomas-sims,1114,1104,-0.898,derived / load-time-refit ripple
noah-balta,449,445,-0.891,derived / load-time-refit ripple
william-mccabe,567,562,-0.882,derived / load-time-refit ripple
jack-payne,228,226,-0.877,derived / load-time-refit ripple
liam-mcmahon,230,232,0.87,derived / load-time-refit ripple
brayden-maynard,920,928,0.87,derived / load-time-refit ripple
mason-redman,1499,1512,0.867,derived / load-time-refit ripple
harley-reid,3726,3758,0.859,derived / load-time-refit ripple
harrison-oliver,598,593,-0.836,derived / load-time-refit ripple
henry-hustwaite,359,356,-0.836,derived / load-time-refit ripple
will-brodie,1082,1091,0.832,derived / load-time-refit ripple
taylor-walker,241,243,0.83,derived / load-time-refit ripple
mitchell-lewis,608,613,0.822,derived / load-time-refit ripple
gryan-miers,1582,1595,0.822,derived / load-time-refit ripple
sam-clohesy,245,247,0.816,derived / load-time-refit ripple
matthew-flynn,739,745,0.812,derived / load-time-refit ripple
calsher-dear,1114,1105,-0.808,derived / load-time-refit ripple
jack-bowes,124,123,-0.806,derived / load-time-refit ripple
tom-mcdonald,372,375,0.806,derived / load-time-refit ripple
jordan-ridley,1120,1111,-0.804,derived / load-time-refit ripple
bailey-humphrey,1499,1511,0.801,derived / load-time-refit ripple
jaspa-fletcher,2008,2024,0.797,derived / load-time-refit ripple
oscar-steene,252,254,0.794,derived / load-time-refit ripple
tom-sparrow,506,510,0.791,derived / load-time-refit ripple
cameron-rayner,506,502,-0.791,derived / load-time-refit ripple
callum-wilkie,3416,3443,0.79,derived / load-time-refit ripple
jy-simpkin,635,640,0.787,derived / load-time-refit ripple
caleb-serong,4701,4738,0.787,derived / load-time-refit ripple
bailey-smith,5605,5561,-0.785,derived / load-time-refit ripple
jack-buckley,765,771,0.784,derived / load-time-refit ripple
zane-zakostelsky,639,634,-0.782,derived / load-time-refit ripple
charlie-nicholls,384,381,-0.781,derived / load-time-refit ripple
jackson-macrae,257,259,0.778,derived / load-time-refit ripple
finnbar-maley,257,259,0.778,derived / load-time-refit ripple
josh-draper,651,656,0.768,derived / load-time-refit ripple
latrelle-pickett,653,648,-0.766,derived / load-time-refit ripple
sam-de-koning,1046,1054,0.765,derived / load-time-refit ripple
patrick-voss,1707,1720,0.762,derived / load-time-refit ripple
riley-hardeman,395,392,-0.759,derived / load-time-refit ripple
joel-jeffrey,1719,1732,0.756,derived / load-time-refit ripple
sam-lalor,3574,3601,0.755,derived / load-time-refit ripple
max-king-syd,269,271,0.743,derived / load-time-refit ripple
ashton-moir,273,271,-0.733,derived / load-time-refit ripple
hugh-boxshall,958,965,0.731,derived / load-time-refit ripple
tom-cochrane,275,273,-0.727,derived / load-time-refit ripple
trent-rivers,1794,1807,0.725,derived / load-time-refit ripple
josh-battle,2211,2227,0.724,derived / load-time-refit ripple
james-o-donnell,415,418,0.723,derived / load-time-refit ripple
koltyn-tholstrup,1392,1402,0.718,derived / load-time-refit ripple
justin-mcinerney,1539,1528,-0.715,derived / load-time-refit ripple
alix-tauru,1714,1702,-0.7,derived / load-time-refit ripple
jack-ross,1734,1722,-0.692,derived / load-time-refit ripple
hunter-holmes,723,718,-0.692,derived / load-time-refit ripple
josh-ward,1746,1734,-0.687,derived / load-time-refit ripple
joshua-weddle,1618,1629,0.68,derived / load-time-refit ripple
zak-johnson,598,602,0.669,derived / load-time-refit ripple
nick-blakey,3598,3622,0.667,derived / load-time-refit ripple
daniel-rioli,750,755,0.667,derived / load-time-refit ripple
matt-whitlock,450,447,-0.667,derived / load-time-refit ripple
tobyn-murray,454,457,0.661,derived / load-time-refit ripple
harrison-petty,153,152,-0.654,derived / load-time-refit ripple
harry-kyle,921,915,-0.651,derived / load-time-refit ripple
oliver-florent,779,784,0.642,derived / load-time-refit ripple
henry-smith,157,158,0.637,derived / load-time-refit ripple
archer-reid,1118,1111,-0.626,derived / load-time-refit ripple
wayne-milera,1774,1785,0.62,derived / load-time-refit ripple
jake-bowey,3096,3077,-0.614,derived / load-time-refit ripple
oskar-taylor,817,812,-0.612,derived / load-time-refit ripple
stephen-coniglio,165,164,-0.606,derived / load-time-refit ripple
paddy-dow,165,164,-0.606,derived / load-time-refit ripple
todd-marshall,165,164,-0.606,derived / load-time-refit ripple
mabior-chol,330,332,0.606,derived / load-time-refit ripple
mason-wood,166,165,-0.602,derived / load-time-refit ripple
jason-horne-francis,3996,4020,0.601,derived / load-time-refit ripple
james-borlase,501,504,0.599,derived / load-time-refit ripple
jake-soligo,2174,2187,0.598,derived / load-time-refit ripple
sid-draper,1520,1511,-0.592,derived / load-time-refit ripple
neil-erasmus,849,844,-0.589,derived / load-time-refit ripple
will-graham,1191,1184,-0.588,derived / load-time-refit ripple
willem-duursma,4429,4455,0.587,derived / load-time-refit ripple
bradley-hill,853,848,-0.586,derived / load-time-refit ripple
jack-ison,521,524,0.576,derived / load-time-refit ripple
jacob-farrow,1750,1740,-0.571,derived / load-time-refit ripple
tom-brown,526,523,-0.57,derived / load-time-refit ripple
kayle-gerreyn,351,349,-0.57,derived / load-time-refit ripple
errol-gulden,5983,6017,0.568,derived / load-time-refit ripple
aidan-schubert,706,702,-0.567,derived / load-time-refit ripple
aliir-aliir,1064,1058,-0.564,derived / load-time-refit ripple
joe-richards,890,885,-0.562,derived / load-time-refit ripple
luke-nankervis,357,355,-0.56,derived / load-time-refit ripple
ben-camporeale,359,357,-0.557,derived / load-time-refit ripple
chad-warner,2882,2898,0.555,derived / load-time-refit ripple
billy-frampton,181,182,0.552,derived / load-time-refit ripple
james-worpel,545,542,-0.55,derived / load-time-refit ripple
matt-rowell,4185,4208,0.55,derived / load-time-refit ripple
harry-armstrong,913,918,0.548,derived / load-time-refit ripple
jordan-dawson,3312,3330,0.543,derived / load-time-refit ripple
leo-lombard,1660,1669,0.542,derived / load-time-refit ripple
jarrod-berry,556,559,0.54,derived / load-time-refit ripple
tyan-prindable,745,741,-0.537,derived / load-time-refit ripple
will-darcy,560,563,0.536,derived / load-time-refit ripple
sam-taylor,1867,1857,-0.536,derived / load-time-refit ripple
elijah-hewett,940,935,-0.532,derived / load-time-refit ripple
darcy-wilson,2457,2470,0.529,derived / load-time-refit ripple
tom-mccartin,1517,1525,0.527,derived / load-time-refit ripple
joel-cochran,381,379,-0.525,derived / load-time-refit ripple
elliot-yeo,573,576,0.524,derived / load-time-refit ripple
nick-larkey,575,578,0.522,derived / load-time-refit ripple
zac-mccarthy,384,386,0.521,derived / load-time-refit ripple
matthew-roberts,1756,1765,0.513,derived / load-time-refit ripple
ryan-lester,981,986,0.51,derived / load-time-refit ripple
tom-lynch-1,197,198,0.508,derived / load-time-refit ripple
hayden-young,2777,2763,-0.504,derived / load-time-refit ripple
archie-ludowyke,399,401,0.501,derived / load-time-refit ripple
christian-salem,612,615,0.49,derived / load-time-refit ripple
blake-hardwick,408,406,-0.49,derived / load-time-refit ripple
bayley-fritsch,205,206,0.488,derived / load-time-refit ripple
alex-davies,620,623,0.484,derived / load-time-refit ripple
xavier-lindsay,1457,1450,-0.48,derived / load-time-refit ripple
darcy-moore,209,210,0.478,derived / load-time-refit ripple
jack-henry,209,210,0.478,derived / load-time-refit ripple
jack-higgins,210,211,0.476,derived / load-time-refit ripple
jye-amiss,1260,1266,0.476,derived / load-time-refit ripple
harris-andrews,1894,1885,-0.475,derived / load-time-refit ripple
jase-burgoyne,2108,2098,-0.474,derived / load-time-refit ripple
angus-sheldrick,844,848,0.474,derived / load-time-refit ripple
josh-worrell,3180,3165,-0.472,derived / load-time-refit ripple
matt-johnson-1,637,640,0.471,derived / load-time-refit ripple
xavier-taylor,851,847,-0.47,derived / load-time-refit ripple
braeden-campbell,219,218,-0.457,derived / load-time-refit ripple
hayden-mclean,658,661,0.456,derived / load-time-refit ripple
sam-walsh,2898,2911,0.449,derived / load-time-refit ripple
aaron-cadman,3122,3108,-0.448,derived / load-time-refit ripple
logan-mcdonald,897,901,0.446,derived / load-time-refit ripple
izak-rankine,2768,2756,-0.434,derived / load-time-refit ripple
miles-bergman,698,701,0.43,derived / load-time-refit ripple
mitchell-edwards,1634,1641,0.428,derived / load-time-refit ripple
lachy-dovaston,939,943,0.426,derived / load-time-refit ripple
mitchell-marsh,711,708,-0.422,derived / load-time-refit ripple
anthony-caminiti,725,722,-0.414,derived / load-time-refit ripple
tyler-welsh,243,244,0.412,derived / load-time-refit ripple
jonty-faull,1230,1225,-0.407,derived / load-time-refit ripple
bo-allan,1235,1240,0.405,derived / load-time-refit ripple
james-rowbottom,496,498,0.403,derived / load-time-refit ripple
nate-caddy,1759,1766,0.398,derived / load-time-refit ripple
tom-barrass,507,505,-0.394,derived / load-time-refit ripple
josh-lindsay,1782,1775,-0.393,derived / load-time-refit ripple
christian-moraes,1023,1019,-0.391,derived / load-time-refit ripple
angus-clarke,772,769,-0.389,derived / load-time-refit ripple
kane-mcauliffe,1287,1282,-0.389,derived / load-time-refit ripple
cameron-mackenzie,1546,1552,0.388,derived / load-time-refit ripple
caleb-daniel,1298,1293,-0.385,derived / load-time-refit ripple
clayton-oliver,2613,2603,-0.383,derived / load-time-refit ripple
jed-walter,1589,1595,0.378,derived / load-time-refit ripple
darcy-byrne-jones,268,269,0.373,derived / load-time-refit ripple
marc-pittonet,538,536,-0.372,derived / load-time-refit ripple
will-edwards,271,272,0.369,derived / load-time-refit ripple
harry-barnett,544,546,0.368,derived / load-time-refit ripple
marcus-windhager,1642,1636,-0.365,derived / load-time-refit ripple
patrick-lipinski,550,548,-0.364,derived / load-time-refit ripple
mattaes-phillipou,1107,1103,-0.361,derived / load-time-refit ripple
brodie-grundy,3959,3973,0.354,derived / load-time-refit ripple
andrew-mcgrath,1150,1154,0.348,derived / load-time-refit ripple
rhett-bazzo,581,579,-0.344,derived / load-time-refit ripple
will-green,588,590,0.34,derived / load-time-refit ripple
liam-reidy,298,297,-0.336,derived / load-time-refit ripple
deven-robertson,304,305,0.329,derived / load-time-refit ripple
jeremy-cameron,1526,1531,0.328,derived / load-time-refit ripple
oliver-hollands,1527,1532,0.327,derived / load-time-refit ripple
hugo-garcia,2160,2167,0.324,derived / load-time-refit ripple
clay-hall,618,616,-0.324,derived / load-time-refit ripple
jake-waterman,1557,1562,0.321,derived / load-time-refit ripple
charlie-curnow,1260,1264,0.317,derived / load-time-refit ripple
ben-keays,326,327,0.307,derived / load-time-refit ripple
lachlan-schultz,652,654,0.307,derived / load-time-refit ripple
heath-chapman,654,656,0.306,derived / load-time-refit ripple
brayden-george,328,329,0.305,derived / load-time-refit ripple
blake-howes,328,329,0.305,derived / load-time-refit ripple
sam-powell-pepper,329,330,0.304,derived / load-time-refit ripple
adam-sweid,663,665,0.302,derived / load-time-refit ripple
jhye-clark,701,703,0.285,derived / load-time-refit ripple
james-leake,351,350,-0.285,derived / load-time-refit ripple
thomas-burton,362,361,-0.276,derived / load-time-refit ripple
finn-o-sullivan,3643,3633,-0.274,derived / load-time-refit ripple
logan-smith,369,370,0.271,derived / load-time-refit ripple
ethan-read,1494,1498,0.268,derived / load-time-refit ripple
cooper-bell,375,374,-0.267,derived / load-time-refit ripple
ryley-sanders,4129,4140,0.266,derived / load-time-refit ripple
kane-farrell,1503,1507,0.266,derived / load-time-refit ripple
alex-dodson,386,387,0.259,derived / load-time-refit ripple
shai-bolton,2345,2339,-0.256,derived / load-time-refit ripple
hudson-o-keeffe,394,395,0.254,derived / load-time-refit ripple
josh-daicos,1971,1976,0.254,derived / load-time-refit ripple
jack-darling,397,398,0.252,derived / load-time-refit ripple
hugo-mikunda,399,400,0.251,derived / load-time-refit ripple
peter-wright,1996,2001,0.251,derived / load-time-refit ripple
george-wardlaw,3206,3198,-0.25,derived / load-time-refit ripple
max-knobel,402,403,0.249,derived / load-time-refit ripple
hussien-el-achkar,404,403,-0.248,derived / load-time-refit ripple
darcy-fogarty,404,405,0.248,derived / load-time-refit ripple
will-setterfield,1619,1623,0.247,derived / load-time-refit ripple
lachie-jaques,818,820,0.244,derived / load-time-refit ripple
karl-amon,828,830,0.242,derived / load-time-refit ripple
nick-bryan,841,839,-0.238,derived / load-time-refit ripple
zach-reid,1721,1717,-0.232,derived / load-time-refit ripple
ned-bowman,431,432,0.232,derived / load-time-refit ripple
tom-doedee,431,432,0.232,derived / load-time-refit ripple
cooper-hynes,1305,1308,0.23,derived / load-time-refit ripple
isaac-keeler,437,436,-0.229,derived / load-time-refit ripple
logan-morris,3171,3164,-0.221,derived / load-time-refit ripple
finnegan-davis,465,466,0.215,derived / load-time-refit ripple
harrison-himmelberg,478,477,-0.209,derived / load-time-refit ripple
colby-mckercher,3829,3821,-0.209,derived / load-time-refit ripple
toby-conway,479,480,0.209,derived / load-time-refit ripple
tylah-williams,492,491,-0.203,derived / load-time-refit ripple
jesse-dattoli,493,494,0.203,derived / load-time-refit ripple
thomas-liberatore,1973,1977,0.203,derived / load-time-refit ripple
luke-parker,1484,1487,0.202,derived / load-time-refit ripple
samuel-collins,993,991,-0.201,derived / load-time-refit ripple
touk-miller,1502,1505,0.2,derived / load-time-refit ripple
koby-evans,504,503,-0.198,derived / load-time-refit ripple
jack-lukosius,1517,1520,0.198,derived / load-time-refit ripple
wil-powell,1014,1012,-0.197,derived / load-time-refit ripple
alex-neal-bullen,516,517,0.194,derived / load-time-refit ripple
jevan-phillipou,541,540,-0.185,derived / load-time-refit ripple
thomas-stewart,1091,1089,-0.183,derived / load-time-refit ripple
jordan-clark,3307,3301,-0.181,derived / load-time-refit ripple
kieren-briggs,2221,2225,0.18,derived / load-time-refit ripple
will-ashcroft,5155,5146,-0.175,derived / load-time-refit ripple
mitchito-owens,2318,2314,-0.173,derived / load-time-refit ripple
ed-langdon,600,599,-0.167,derived / load-time-refit ripple
bailey-williams-wb,613,612,-0.163,derived / load-time-refit ripple
zachary-merrett,3086,3081,-0.162,derived / load-time-refit ripple
marcus-bontempelli,3721,3715,-0.161,derived / load-time-refit ripple
harry-sheezel,8115,8128,0.16,derived / load-time-refit ripple
max-holmes,6269,6279,0.16,derived / load-time-refit ripple
tom-gross,648,647,-0.154,derived / load-time-refit ripple
mitch-georgiades,1345,1343,-0.149,derived / load-time-refit ripple
luke-davies-uniacke,3459,3454,-0.145,derived / load-time-refit ripple
brent-daniels,1385,1383,-0.144,derived / load-time-refit ripple
kysaiah-pickett,3496,3491,-0.143,derived / load-time-refit ripple
nick-daicos,8050,8039,-0.137,derived / load-time-refit ripple
riley-thilthorpe,3818,3823,0.131,derived / load-time-refit ripple
jye-caldwell,1530,1532,0.131,derived / load-time-refit ripple
ed-richards,3078,3082,0.13,derived / load-time-refit ripple
darcy-jones,1560,1558,-0.128,derived / load-time-refit ripple
isaac-heeney,3981,3976,-0.126,derived / load-time-refit ripple
sam-darcy,4013,4018,0.125,derived / load-time-refit ripple
connor-macdonald,2433,2436,0.123,derived / load-time-refit ripple
jobe-shanahan,1626,1624,-0.123,derived / load-time-refit ripple
brodie-kemp,858,857,-0.117,derived / load-time-refit ripple
hugh-mccluggage,1726,1728,0.116,derived / load-time-refit ripple
willem-drew,906,907,0.11,derived / load-time-refit ripple
josh-dunkley,952,951,-0.105,derived / load-time-refit ripple
noah-anderson,4765,4770,0.105,derived / load-time-refit ripple
andrew-brayshaw,2933,2936,0.102,derived / load-time-refit ripple
tom-powell,1977,1979,0.101,derived / load-time-refit ripple
darcy-wilmot,3967,3963,-0.101,derived / load-time-refit ripple
reuben-ginbey,2990,2987,-0.1,derived / load-time-refit ripple
james-sicily,2068,2070,0.097,derived / load-time-refit ripple
lachlan-ash,5187,5182,-0.096,derived / load-time-refit ripple
tanner-bruhn,1053,1054,0.095,derived / load-time-refit ripple
jordan-croft,1087,1086,-0.092,derived / load-time-refit ripple
jacob-van-rooyen,1092,1093,0.092,derived / load-time-refit ripple
tom-green,4391,4395,0.091,derived / load-time-refit ripple
nasiah-wanganeen-milera,6606,6612,0.091,derived / load-time-refit ripple
jack-gunston,1205,1204,-0.083,derived / load-time-refit ripple
adam-cerra,1210,1211,0.083,derived / load-time-refit ripple
shannon-neale,2444,2446,0.082,derived / load-time-refit ripple
tim-taranto,2668,2666,-0.075,derived / load-time-refit ripple
jacob-weitering,1348,1349,0.074,derived / load-time-refit ripple
darcy-cameron,1518,1519,0.066,derived / load-time-refit ripple
archie-roberts,4577,4574,-0.066,derived / load-time-refit ripple
levi-ashcroft,3193,3195,0.063,derived / load-time-refit ripple
taj-hotton,1679,1680,0.06,derived / load-time-refit ripple
dyson-sharp,1701,1702,0.059,derived / load-time-refit ripple
aaron-naughton,1736,1737,0.058,derived / load-time-refit ripple
sam-flanders,1805,1806,0.055,derived / load-time-refit ripple
harry-mckay,1852,1853,0.054,derived / load-time-refit ripple
zak-butters,6059,6056,-0.05,derived / load-time-refit ripple
harry-dean,2073,2072,-0.048,derived / load-time-refit ripple
toby-nankervis,2106,2107,0.047,derived / load-time-refit ripple
lachie-whitfield,2294,2295,0.044,derived / load-time-refit ripple
connor-rozee,2392,2393,0.042,derived / load-time-refit ripple
zac-bailey,2519,2518,-0.04,derived / load-time-refit ripple
sam-berry,2648,2649,0.038,derived / load-time-refit ripple
zeke-uwland,2746,2745,-0.036,derived / load-time-refit ripple
connor-o-sullivan,2832,2831,-0.035,derived / load-time-refit ripple
christian-petracca,2845,2846,0.035,derived / load-time-refit ripple
murphy-reid,3953,3954,0.025,derived / load-time-refit ripple
finn-callaghan,5442,5443,0.018,derived / load-time-refit ripple
luke-jackson,7799,7800,0.013,derived / load-time-refit ripple
